Código,Data Início,Data Fim,TÍTULO DO PROJETO,Tipo,Órgão financiador, Coordenador/Coordenador Local,UA Coordenador,Situação
646,01/04/2018,06/05/2025,Impacto das mudanças climáticas nas culturas de clima temperado para Minas Gerais,Projeto com financiamento externo,FAPEMIG,Fabrina Bolzan Martins,IRN,Vigente
649,01/02/2018,20/05/2025,Efeito de biomoléculas com propriedades redutoras na degradação de corantes e de efluente têxtil por processos Fenton,Projeto com financiamento externo,FAPEMIG,André Aguiar Mendes,IRN,Vigente
650,01/12/2017,18/01/2025,Avaliação teórica e experimental do emprego de energia heliotérmica para a secagem e higienização de lodo sanitário,Projeto com financiamento externo,FAPEMIG,Osvaldo José Venturini,IEM,Expirado
652,01/12/2017,11/05/2025,"Análise e formulação de problema inverso robusto para a detecção de danos em estruturas por meio de técnicas de identificação de parâmetros, otimização e tomada de decisão Fuzzy",Projeto com financiamento externo,FAPEMIG,Patricia da Silva Lopes Alexandrino,IEM,Vigente
654,01/01/2018,06/05/2025,Desenvolvimento de arranjos de antenas banda-larga assistidos por lentes dielétricas,Projeto com financiamento externo,FAPEMIG,Danilo Henrique Spadoti,IESTI,Vigente
777,18/12/2018,17/05/2025,Desenvolvimento de um modelo simplificado de estimativa de radiação solar para aplicações em modelos de produtividade agricola,Projeto com financiamento externo,FAPEMIG,MARCELO DE PAULA CORREA,IRN,Vigente
779,01/11/2018,18/06/2024,Estudo de configurações centrais e soluções homográficas em mecânica celeste,Projeto com financiamento externo,FAPEMIG,Antonio Carlos Fernandes,IMC,Expirado
783,01/01/2019,18/06/2024,Modelagem termodinâmica e experimentos críticos no sistema Ta-Ge-B,Projeto com financiamento externo,FAPEMIG,ANTONIO AUGUSTO ARAUJO PINTO DA SILVA,IEM,Expirado
790,01/12/2018,18/05/2025,Evolução química do disco e bojo de galáxias espirais,Projeto com financiamento externo,FAPEMIG,Oscar Cavichia de Moraes,IFQ,Vigente
791,01/12/2018,17/03/2025,Desenvolvimentoe aplicação de técnicas ultrassõnicas para inspeção de componentes mecânicos e caracterização de materiais,Projeto com financiamento externo,FAPEMIG,Paulo Pereira Junior,IEM,Vigente
796,01/01/2019,28/03/2026,Otimização mecânica e acústica de um ventilador sem pás utilizando análises numérica e experimental,Projeto com financiamento externo,FAPEMIG,JESUS ANTONIO GARCIA SANCHEZ,IEM,Vigente
804,01/12/2018,01/07/2024,Um sistema de apoio a diagnóstico de TEA baseado em imagens de ressonância magnética e aprendizado de máquina,Projeto com financiamento externo,FAPEMIG,Guilherme Sousa Bastos,IESTI,Expirado
841,01/08/2019,01/07/2025,"Teoria de Singularidades e Aplicações à Geometria Diferencial, Equações Diferenciais e Visão Computacional","Projeto com financiamento externo, de outra instituição",FAPESP,Luis Fernando de Osório Mello,IMC,Vigente
PVDI33-2019,01/01/2019,09/08/2024,Estudo Teórico-Experimental em Transferência de Calor com Ênfase no Desenvolvimento de Técnicas de Problemas Inversos,Projeto com financiamento externo,FAPEMIG,Sandro Metrevelle Marcondes de Lima e Silva,IEM,Expirado
PVDI120-2020,01/11/2020,31/12/2025,Derivadores Rastreados por Satélite e Monitoramento Automático de Parâmetros Ambientais Aplicados ao Entendimento da Contribuição dos Afluentes para o Restabelecimento do Rio Doce,Projeto com financiamento externo,FAPEMIG,ARCILAN TREVENZOLI ASSIREU,IRN,Vigente
PIDI91-2018,01/03/2018,18/06/2025,Desenvolvimento de Próteses Híbridas para Membros Inferiores com Reforços 3D,Projeto com financiamento externo,FAPEMIG,ANTONIO CARLOS ANCELOTTI JUNIOR,IEM,Vigente
PIDI68-2017,01/11/2017,15/05/2025,Desenvolvimento e integração entre os processos síntese de metanol e MTO (methanol-to-olefins) em microescala usando fluidodinâmica computacional,Projeto com financiamento externo,FAPEMIG,Maximilian Joachim Hodapp,IRN,Vigente
PIDI112-2020,01/02/2020,31/12/2024,Monitoramento espectral para estimativa das condições hídricas de áreas cafeeiras,"Projeto com financiamento externo, de outra instituição",EMBRAPA,VANESSA CRISTINA OLIVEIRA DE SOUZA,IMC,Expirado
PVDI128-2021,01/03/2021,28/02/2025,"Teoria Qualitativa das Equações Diferenciais, Mecânica Celeste e Conjectura Jacobiana",Projeto com financiamento externo,CNPq,Luis Fernando de Osório Mello,IMC,Vigente
PVDI145-2021,01/08/2021,31/07/2024,Espaços-tempos com Simetria Espacial Intrínseca II,Projeto sem financiamento externo,Não possui,Leandro Gustavo Gomes,IMC,Expirado
PVDI180-2021,01/08/2021,31/07/2024,Configurações Centrais do Problema de N Corpos Simétricas por Reflexão,Projeto sem financiamento externo,Não possui,LUCAS RUIZ DOS SANTOS,IMC,Expirado
PVDI179-2021,01/08/2021,31/07/2024,ESTUDO DE MÉTODOS DE EXTRAÇÃO/RECUPERAÇÃO DE ENERGIA DE SISTEMA FOTOVOLTAICO SOMBREADO OU EM DESEQUILÍBRIO,Projeto sem financiamento externo,Não possui,ENIO ROBERTO RIBEIRO,IESTI,Expirado
PIDI147-2021,01/08/2021,31/07/2024,Produção de estudos de caso em História da Ciência para o Ensino de Química,Projeto sem financiamento externo,Não possui,EVANDRO FORTES ROZENTALSKI,IFQ,Expirado
PVDI173-2021,01/08/2021,31/07/2024,Análise da eficiência da valorização de biomassa de resíduos agroindustriais para bioenergia utilizando secador de leito fluidizado,Projeto sem financiamento externo,Não possui,HUGO PERAZZINI,IRN,Expirado
PVDI174-2021,01/08/2021,31/07/2024,UTILIZAÇÃO DE ENERGIA SOLAR PARA O TRATAMENTO E APROVEITAMENTO DE RESÍDUOS AGROINDUSTRIAIS COMO BIOMASSA PARA BIONERGIA,Projeto sem financiamento externo,Não possui,Maisa Tonon Bitti Perazzini,IRN,Expirado
PIDI188-2021,01/08/2021,31/07/2024,Estudo da abordagem multiescala para o mapeamento de mudanças no uso e cobertura do solo e associações com o depleciamento de recursos naturais,Projeto sem financiamento externo,Não possui,Samara Calçado de Azevedo,IRN,Expirado
PIDI135-2021,01/08/2021,31/07/2024,Estudo de compósitos cimentícios autoadensáveis produzidos com materiais alternativos,Projeto sem financiamento externo,Não possui,Valquíria Claret dos Santos,IRN,Expirado
PVDI177-2021,01/08/2021,31/07/2024,Aplicação de Técnicas Meta-heurísticas para a Alocação Ótima de Equipamentos FACTS em Sistemas Elétricos de Potência,Projeto sem financiamento externo,Não possui,CAMILA PAES SALOMON,ISEE,Expirado
PVDI202-2021,12/04/2021,27/06/2025,Plataforma de Previsão de Vazões na Bacia do Rio Paraíba do Sul como Suporte à Prevenção de Inundações,Projeto com financiamento externo,AGEVAP,Vanessa Silveira Barreto Carvalho,IRN,Vigente
PVDI201-2021,01/03/2021,28/02/2026,Monitoramento de processos e Inspeção por amostragm,Projeto com financiamento externo,CNPq,ANTONIO FERNANDO BRANCO COSTA,IEPG,Vigente
PVDI218-2021,04/11/2021,08/10/2024,Utilização da Simulação Baseada em Agentes (SBA) combinada a Simulação a Eventos Discretos (SED) para o sequenciamento da produção de Sistemas Job Shop Flexíveis,Projeto com financiamento externo,FAPEMIG,ALEXANDRE FERREIRA DE PINHO,IEPG,Expirado
PVDI207-2021,01/10/2021,30/09/2024,Valorização de resíduo do processamento da cana-de-açúcar pela utilização da hemicelulose para a produção integrada de bioetanol no contexto de biorrefinaria por diferentes abordagens,Projeto com financiamento externo,FAPEMIG,THAIS SUZANE MILESSI ESTEVES,IRN,Expirado
PIDI219-2021,09/11/2021,08/11/2024,"Estudo, Caracterização e otimização de materiais orgânicos que apresentam Fluorescência Atrasada Ativada Termicamente e Fofotoluminêscencia de Longa Duração",Projeto com financiamento externo,FAPEMIG,ROBERTO SHIGUERU NOBUYASU JUNIOR,IFQ,Expirado
PVDI206-2021,22/10/2021,21/10/2024,Aumento da Segurança e Desempenho de ARPs em Relação ao Controle de Voo,Projeto com financiamento externo,FAPEMIG,Yohan Alí Díaz Méndez,IEM,Expirado
PVDI209-2021,01/07/2021,24/11/2025,LOGÍSTICA E TRANSPORTES NO CONTEXTO DO GREEN SUPPLY CHAIN MANAGEMENT E ECONOMIA CIRCULAR,Projeto com financiamento externo,FAPEMIG,RENATO DA SILVA LIMA,IEPG,Vigente
PVDI208-2021,25/11/2021,25/11/2024,Simulação e otimização de Sistemas Híbridos Isolados de Geração de Energia Elétrica com base em Energias Renováveis,Projeto com financiamento externo,FAPEMIG,Diego Mauricio Yepes Maya,IEM,Expirado
PVDI212-2021,15/11/2021,14/11/2024,Avaliação Do Desempenho De Um Sistema Híbrido De Painel Fotovoltaico E Bomba De Calor Para Aquecimento De Água Aproveitando A Irradiação Solar No Estado De Minas Gerais,Projeto com financiamento externo,FAPEMIG,JUAN JOSE GARCIA PABON,IEM,Expirado
PIDI211-2021,27/10/2021,27/10/2024,Efeito da temperatura e do campo magnético sobre o comportamento dinâmico de vigas sanduíche com núcleo colmeia preenchida por elastômero magneto reológico,Projeto com financiamento externo,FAPEMIG,Felipe de Souza Eloy,IEM,Expirado
PVDI216-2021,01/12/2021,30/11/2024,Mercados de Eletricidade Inteligentes: Modelagem Técnica-Econômica e Regulatória,Projeto com financiamento externo,FAPEMIG,BENEDITO DONIZETI BONATTO,ISEE,Expirado
PVDI225-2021,12/11/2021,12/11/2024,SISTEMAS DINÂMICOS NÃO-LINEARES DE DIMENSÃO INFINITA,Projeto com financiamento externo,FAPEMIG,JACSON SIMSEN,IMC,Expirado
PVDI222-2021,11/11/2021,10/11/2024,Sistema de Alerta de Inundações em Bacias Hidrográficas de Pequenas Escala sob Influência de Expansão Urbana,Projeto com financiamento externo,FAPEMIG,BENEDITO CLAUDIO DA SILVA,IRN,Expirado
PVDI214-2022,17/12/2021,17/12/2024,Valorização de resíduos agroindustriais de açaí como biomassa para bioenergia: estudo da secagem por leito fluidizado,Projeto com financiamento externo,FAPEMIG,HUGO PERAZZINI,IRN,Expirado
PVDI228-2022,01/03/2022,31/08/2025,Impactos e consequências das projeções climáticas oriundas dos novos modelos climáticos na produtividade do Eucalyptus sp. no Brasil,Projeto com financiamento externo,CNPq,Fabrina Bolzan Martins,IRN,Vigente
PVDI230-2022,01/03/2022,28/02/2025,"A Educação em Ciências e os Processos de Significação sobre a Temática Ambiental: um estudo a partir de parcerias entre escolas, empresas e setores organizados da sociedade civil",Projeto com financiamento externo,CNPq,Luciano Fernandes Silva,IFQ,Vigente
PIDI241-2022,02/01/2022,01/01/2025,Desenvolvimento de sistemas fotocrômicos e suas aplicações para o sensoriamento,Projeto com financiamento externo,FAPEMIG,Frederico Barros de Sousa,IFQ,Expirado
PVDI240-2021,21/12/2021,21/12/2024,Melhoramento do potencial energético de biogás da (co)digestão anaeróbia de resíduos sólidos orgânicos como incentivo às fontes renováveis de energias: pré-tratamento do substrato e co(digestão) visando ao aproveitamento do hidrogênio,Projeto com financiamento externo,FAPEMIG,REGINA MAMBELI BARROS,IRN,Expirado
PVDI231-2022,16/03/2022,31/03/2025,Valorização energética de biomassa residual para precursores de alto valor energético,Projeto com financiamento externo,CNPq,Diego Mauricio Yepes Maya,IEM,Vigente
PVDI226-2022,01/03/2022,28/02/2025,Experimentos de Física controlados remotamente como proposta para uma aprendizagem significativa,Projeto com financiamento externo,CNPq,Mikael Frank Rezende Junior,IFQ,Vigente
PIDI296-2022,01/03/2022,31/07/2025,Efeitos de vácuo quântico na presença de fontes de campo e potenciais externos,Projeto com financiamento externo,CNPq,Fabricio Augusto Barone Rangel,IFQ,Vigente
PVDI297-2022,01/07/2022,30/06/2025,Análise numérica e experimental de microgeradores eólicos para aplicações em regiões remotas no Brasil,Projeto com financiamento externo,FAPEMIG,ANGIE LIZETH ESPINOSA SARMIENTO,IEM,Vigente
PVDI257-2022,01/08/2022,31/07/2024,Aprimoramento de Cerâmicas Termoelétricas para Conversão de Energia,Projeto sem financiamento externo,Não possui,Daniel Thomazini,IEM,Expirado
PVDI285-2022,01/08/2022,31/07/2024,Produção de compósito cimentício com diferentes adições de óxido de grafeno,Projeto sem financiamento externo,Não possui,GEOVANI RODRIGUES,IEM,Expirado
PVDI284-2022,01/08/2022,31/07/2024,"Metamateriais Elastodinâmicos Projetados para a Atenuação de Vibrações em Estruturas Civis, Mecânicas e Aeronáuticas",Projeto sem financiamento externo,Não possui,JESUS ANTONIO GARCIA SANCHEZ,IEM,Expirado
PIDI270-2022,01/08/2022,31/07/2024,Avaliação de compósitos de fios trançados submetidos à fadiga torcional,Projeto sem financiamento externo,Não possui,RENATA NEVES PENHA,IEM,Expirado
PIDI279-2022,01/08/2022,31/07/2025,Desenvolvimento de recursos baseados na tecnologia da realidade virtual para formação de alunos dos cursos de engenharia,Projeto sem financiamento externo,Não possui,DENISE RANSOLIN SORANSO,IEPG,Vigente
PVDI238-2022,01/08/2022,31/07/2024,"Recomendações e demonstrações de práticas para melhoria da compreensibilidade, validade e aplicabilidade da modelagem de processos de negócio",Projeto sem financiamento externo,Não possui,FABIANO LEAL,IEPG,Expirado
PIDI250-2022,01/08/2022,31/07/2024,Avaliação de Usabilidade de Sistemas,Projeto sem financiamento externo,Não possui,ANA PAULA SIQUEIRA SILVA DE ALMEIDA,IESTI,Expirado
PVDI275-2022,01/08/2022,31/07/2024,Framework para armazenamento orientados a colunas,Projeto sem financiamento externo,Não possui,ENZO SERAPHIM,IESTI,Expirado
PVDI277-2022,01/08/2022,31/07/2024,Cibersegurança e análise de vulnerabilidades em dispositivos IoT,Projeto sem financiamento externo,Não possui,OTÁVIO DE SOUZA MARTINS GOMES,IESTI,Expirado
PVDI259-2022,01/08/2022,31/07/2024,Aplicação de Workflows Científicos no contexto de Continuum of Computing,Projeto sem financiamento externo,Não possui,EDVARD MARTINS DE OLIVEIRA,IESTI,Expirado
PVDI255-2022,01/08/2022,31/07/2025,"Análise das potencialidades e fragilidades socioambientais em Unidades de Conservação na Mata Atlântica: uso público, indicadores de gestão, percepção ambiental e conflitos.",Projeto sem financiamento externo,Não possui,DANIELA ROCHA TEIXEIRA RIONDET COSTA,IRN,Vigente
PIDI290-2022,01/08/2022,31/07/2024,USO DA ALPORQUIA NA PROPAGAÇÃO DE ESPÉCIES PARA A RECUPERAÇÃO DE ÁREAS DEGRADADAS,Projeto sem financiamento externo,Não possui,HISAIAS DE SOUZA ALMEIDA,IRN,Expirado
PIDI268-2022,01/08/2022,31/07/2024,Avaliação do potencial energético e viabilidade financeira da instalação de turbinas hidrocinéticas em rios do norte do Brasil,Projeto sem financiamento externo,Não possui,IVAN FELIPE SILVA DOS SANTOS,IRN,Expirado
PVDI252-2022,01/08/2022,31/07/2024,"NEGACIONISMO, EDUCAÇÃO EM CIÊNCIAS E ATUAÇÃO DOCENTE: INVESTIGANDO COMPREENSÕES DE PROFESSORES DE CIÊNCIAS E BIOLOGIA",Projeto sem financiamento externo,Não possui,JANAINA ROBERTA DOS SANTOS,IRN,Expirado
PIDI269-2022,01/08/2022,31/07/2024,Projeto de conforto acústico usando Metamateriais,Projeto sem financiamento externo,Não possui,Paulo César Gonçalves,IRN,Expirado
PIDI271-2022,01/08/2022,31/07/2024,"Revisão taxonômica das espécies de Hapsodrilus (Coleoptera, Elateridae, Pyrophorini)",Projeto sem financiamento externo,Não possui,Simone Policena Rosa,IRN,Expirado
PVDI233-2022,01/08/2022,31/07/2024,Desenvolvimento de Sistema de Software para Treinamento em Simulador de Helicoptero,Projeto sem financiamento externo,Não possui,ALEXANDRE CARLOS BRANDAO RAMOS,IMC,Expirado
PVDI280-2022,01/08/2022,31/07/2024,Oncologia Matemática,Projeto sem financiamento externo,Não possui,Artur César Fassoni,IMC,Expirado
PIDI278-2022,01/08/2022,31/07/2024,"Jogos Digitais Inclusivos: teorias, métodos e ferramentas de apoio",Projeto sem financiamento externo,Não possui,ELISA DE CASSIA SILVA RODRIGUES,IMC,Expirado
PVDI260-2022,01/08/2022,31/07/2024,Teoria de regularidade para modelos não lineares e problemas de fronteira livre,Projeto sem financiamento externo,Não possui,GIANE CASARI RAMPASSO,IMC,Expirado
PVDI253-2022,01/08/2022,31/07/2024,Invariantes topológicos para o estudo de sistemas integráveis e folheações,Projeto sem financiamento externo,Não possui,INGRID SOFIA MEZA SARMIENTO,IMC,Expirado
PIDI251-2022,01/08/2022,31/07/2024,A dinâmica das órbitas periódicas da ferradura de Smale,Projeto sem financiamento externo,Não possui,JUAN VALENTIN MENDOZA MOGOLLON,IMC,Expirado
PVDI272-2022,01/08/2022,31/07/2025,Estudo de equações do tipo Schrödinger sobre variedades Riemannianas compactas,Projeto sem financiamento externo,Não possui,MARCELO APARECIDO CABRAL NOGUEIRA,IMC,Vigente
PIDI289-2022,01/08/2022,31/07/2024,Otimização Combinatória para Classificação Interpretável,Projeto sem financiamento externo,Não possui,PEDRO HENRIQUE DEL BIANCO HOKAMA,IMC,Expirado
PVDI294-2022,01/08/2022,31/07/2024,Estudo e pesquisa nas equações de Mathieu e de Mathieu modificada,Projeto sem financiamento externo,Não possui,Ricardo Iván Medina Bascur,IMC,Expirado
PIDI239-2022,01/08/2022,31/07/2024,Síntese verde de nanopartículas de dióxido de titânio para aplicação em células solares DSSC,Projeto sem financiamento externo,Não possui,Adhimar Flávio Oliveira,IFQ,Expirado
PVDI242-2022,01/08/2022,31/07/2025,Narrativas sobre mídias digitais e redes sociais: um olhar para a educação científica e o letramento midiático na cultura digital,Projeto sem financiamento externo,Não possui,ALESSANDRA RODRIGUES,IFQ,Vigente
PIDI236-2022,01/08/2022,31/07/2024,O BANCO DE SINAIS USADO COMO FERRAMENTA FACILITADORA NA APRENDIZAGEM PARA ALUNOS OUVINTES NA DISCIPLINA DE LIBRAS,Projeto sem financiamento externo,Não possui,ANA CAROLINA SALES OLIVEIRA,IFQ,Expirado
PVDI237-2022,01/08/2022,31/07/2024,"PROPRIEDADES ELETRÔNICAS DE SEMICONDUTORES ORGÂNICOS, DISPOSITIVOS FLEXÍVEIS E ELETRÔNICOS VESTÍVEIS",Projeto sem financiamento externo,Não possui,CARLA PATRICIA LACERDA RUBINGER,IFQ,Expirado
PVDI288-2022,01/08/2022,31/07/2025,"APLICAÇÃO DA QUÍMICA COMPUTACIONAL AO DESENVOLVIMENTO DE COMPOSTOS POTENCIALMENTE BIOATIVOS: planejamento racional, análise conformacional, docking e dinâmica molecular, QM/MM e investigação de orbitais de fronteira",Projeto sem financiamento externo,Não possui,DANIEL HENRIQUES SOARES LEAL,IFQ,Vigente
PVDI274-2022,01/08/2022,31/07/2024,Novos aceleradores de vulcanização da borracha baseados em complexos metálicos com ligantes ditiocarbimatos,Projeto sem financiamento externo,Não possui,EDER DO COUTO TAVARES,IFQ,Expirado
PIDI256-2022,01/08/2022,31/07/2024,"Cromismo: Estudo computacional de efeitos de misturas de solventes, temperatura e radiação.",Projeto sem financiamento externo,Não possui,Juliana Fedoce Lopes,IFQ,Expirado
PVDI281-2022,01/08/2022,31/07/2024,Evolução química de galáxias,Projeto sem financiamento externo,Não possui,OSCAR CAVICHIA DE MORAES,IFQ,Expirado
PIDI262-2022,01/08/2022,31/07/2024,Fotofísica de moléculas orgânicas,Projeto sem financiamento externo,Não possui,ROBERTO SHIGUERU NOBUYASU JUNIOR,IFQ,Expirado
PVDI235-2022,01/08/2022,31/07/2024,As narrativas dos professores sobre os métodos de ensino e as tramas da crise na educação básica – o ensino médio,Projeto sem financiamento externo,Não possui,ROGERIO RODRIGUES,IFQ,Expirado
PIDI293-2022,01/08/2022,31/07/2024,Estudo das condições de síntese de cargas vítreas do sistema B2O3-Al2O3-SiO2 para aplicações odontológicas.,Projeto sem financiamento externo,Não possui,ROSSANO GIMENES,IFQ,Expirado
PVDI301-2022,01/03/2022,28/02/2025,Correlação entre rota de processamento de ligas de alumínio com resistência a corrosão e a evolução de hidrogênio,Projeto com financiamento externo,CNPq,MIRIAN DE LOURDES NORONHA MOTTA MELO,IEM,Vigente
PVDI300-2022,01/06/2022,31/08/2024,Investigação e caracterização das construções metodológicas de grupos de planejamento conjunto empreendidas por docentes do ensino superior de ciências da natureza,Projeto com financiamento externo,FAPEMIG,JOAO RICARDO NEVES DA SILVA,IFQ,Expirado
PIDI309-2022,05/08/2022,05/08/2024,Simulação e previsão de vazões para bacias hidrográficas do Estado de Minas Gerais com base em modelo hidrológico distribuído e previsões de modelos atmosféricos,Projeto com financiamento externo,FAPEMIG,BENEDITO CLAUDIO DA SILVA,IFQ,Expirado
PVDI306-2022,08/08/2022,31/08/2027,Proposta de Apoio à Formação de Mestres para o Fortalecimento do Programa de Pós-graduação em Engenharia Mecânica da UNIFEI,Projeto com financiamento externo,FAPEMIG,SANDRO METREVELLE MARCONDES DE LIMA E SILVA,IEM,Vigente
PIDI298-2022,25/06/2022,24/06/2025,COMPÓSITO POLIMÉRICO BIOINSPIRADO NO OURIÇO DA CASTANHA DO PARÁ (BERTHOLLETIA EXCELSA) DE ELEVADA TENACIDADE,Projeto com financiamento externo,FAPEMIG,MARILIA SONEGO,IEM,Vigente
PIDI311-2023,13/09/2022,12/09/2025,Estudo da texturização a laser na adesão de uma junta híbrida metal-compósito,Projeto com financiamento externo,FAPEMIG,RENATA NEVES PENHA,IEM,Vigente
PVDI312-2022,16/03/2022,31/03/2025,Ensino de Ciências e Matemática mediado por tecnologias: Um estudo sobre inclusão na microrregião de Itajubá,Projeto com financiamento externo,CNPq,DENISE PEREIRA DE ALCANTARA FERRAZ,IFQ,Vigente
PVDI314-2023,01/03/2023,28/02/2026,Aprimoramento de Cerâmicas Termoelétricas para Conversão de Energia: Aspectos Teóricos e Experimentais,Projeto com financiamento externo,FAPEMIG,MARIA VIRGINIA GELFUSO,IEM,Vigente
PVDI315-2022,13/10/2022,01/01/2026,A Sustentabilidade da Mobilidade Urbana em Cidades Mineiras no Contexto atual e de Pós Pandemia,Projeto com financiamento externo,FAPEMIG,JOSIANE PALMA LIMA,IEPG,Vigente
PVDI316-2021,23/09/2021,22/09/2025,BIG DATA E ANÁLISE ESPACIAL NA INTEGRAÇÃO DA MICROMOBILIDADE E TRANSPORTE PÚBLICO URBANO NO CONTEXTO DE SMART CITIES,Projeto com financiamento externo,B2ML SISTEMAS LTDA,JOSIANE PALMA LIMA,IEPG,Vigente
PIDI317-2022,09/06/2022,09/06/2025,AVALIAÇÃO TEÓRICO-EXPERIMENTAL DA PRODUÇÃO E USO DE HIDROGÊNIO VERDE EM MINAS GERAIS,Projeto com financiamento externo,FAPEMIG,JOSE CARLOS ESCOBAR PALACIO,IEPG,Vigente
PVDI328-2022,07/12/2022,31/12/2026,Integração de sistema hibrido Heliotérmico-Biomassa visando o uso de sistemas armazenamento de energia,Projeto com financiamento externo,CNPq,VLADIMIR RAFAEL MELIAN COBAS,IEM,Vigente
PIDI327-2022,07/12/2022,07/12/2025,Materiais Poliméricos Associados à Lantanídeos: Aplicações em Materiais Inteligentes,Projeto com financiamento externo,FAPEMIG,FREDERICO BARROS DE SOUSA,IFQ,Vigente
PVDI331-2022,16/12/2022,31/12/2026,Laboratório Nacional para Estudos Micrometeorológicos e Metodológicos Aplicado ao Aproveitamento Energético Offshore (LabWind),Projeto com financiamento externo,CNPq,ARCILAN TREVENZOLI ASSIREU,IRN,Vigente
PVDI347-2023,01/03/2023,28/02/2026,Investigando a massa de aglomerados abertos com GAIA DR3,Projeto com financiamento externo,CNPq,HEKTOR STHENOS ALVES MONTEIRO,IFQ,Vigente
PVDI346-2023,11/12/2022,31/12/2026,Projeto de Otimização de Turbina Axial de Ultra Baixa Queda,Projeto com financiamento externo,CNPq,RAMIRO GUSTAVO RAMIREZ CAMACHO,IEM,Vigente
PVDI348-2021,01/03/2021,28/02/2025,Desenvolvimento de Dispositivos CMOS de Baixo Consumo e Baixa Potência para Aplicações Médicas,Projeto com financiamento externo,CNPq,ROBSON LUIZ MORENO,IESTI,Vigente
PVDI349-2022,01/03/2022,28/02/2025,Pesquisa e Desenvolvimento de um Sistema Integrado de Aquisição de Sinais de EEG em CMOS,Projeto com financiamento externo,CNPq,TALES CLEBER PIMENTA,IESTI,Vigente
PVDI352-2022,01/03/2022,28/02/2025,GERAÇÃO DE ELETRICIDADE A PARTIR DA GASEIFICAÇÃO DE LODO SANITÁRIO E ENERGIA SOLAR TÉRMICA,Projeto com financiamento externo,CNPq,Osvaldo José Venturini,IEM,Vigente
PVDI345-2022,13/10/2022,13/10/2024,Investigação das propriedades elétricas e magnéticas de materiais avançados para desenvolvimento de dispositivos spintrônicos para tecnologia da informação quântica,Projeto com financiamento externo,FINEP,MARCELOS LIMA PERES,IFQ,Expirado
PVDI358-2022,18/11/2022,17/11/2025,Monitoramento da integridade estrutural: detecção e identificação de delaminações em estruturas aeronáuticas por meio decorrelação digital de imagens,Projeto com financiamento externo,CNPq,GUILHERME FERREIRA GOMES,IEM,Vigente
PVDI359-2023,01/03/2023,28/02/2026,Técnicas Avançadas de Otimização Mono e Multiobjetivo Aplicadas ao Projeto de Estruturas Mecânica,Projeto com financiamento externo,CNPq,GUILHERME FERREIRA GOMES,IEM,Vigente
PVDI369-2023,01/03/2023,28/02/2026,Reciclagem do aço Vanadis 8 pelo processo de metalurgia do pó utilizando a moagem de alta energia,Projeto com financiamento externo,CNPq,GILBERT SILVA,IEM,Vigente
PVDI378-2023,01/03/2023,28/02/2026,Modelos análogos da gravitação e ondas gravitacionais,Projeto com financiamento externo,CNPq,EDUARDO HENRIQUE SILVA BITTENCOURT,IFQ,Vigente
PVDI381-2023,01/03/2023,28/02/2027,Logística e Transportes: Da Sustentabilidade para a Economia Circular,Projeto com financiamento externo,CNPq,RENATO DA SILVA LIMA,IEPG,Vigente
PVDI386-2022,06/12/2022,31/12/2025,Desenvolvimento de materiais e processos para impressão 3D de peças em compósito fibra de carbono contínuo/termoplástico de qualidade aeronáutica,Projeto com financiamento externo,CNPq,ANTONIO CARLOS ANCELOTTI JUNIOR,IEM,Vigente
PIDI391-2023,01/03/2023,28/02/2027,"IMPACTOS DA BIOINCRUSTAÇÃO DE Limnoperna fortunei (DUNKER, 1857) NA GERAÇÃO HIDRELÉTRICA BRASILEIRA",Projeto com financiamento externo,CNPq,CARLOS BARREIRA MARTINEZ,IEM,Vigente
PVDI361-2023,01/06/2023,31/05/2026,Análise de viabilidade de projeto e implementação de processadores RISC-V em FPGA,Projeto sem financiamento externo,Não possui,GUSTAVO DELLA COLLETTA,IESTI,Vigente
PVDI363-2023,01/06/2023,31/05/2026,"Estudo e implementação de balanceamento ""sensorless"" das tensões de submódulos em topologias modulares multiníveis",Projeto sem financiamento externo,Não possui,WILSON CÉSAR SANT`ANA,IESTI,Vigente
PVDI368-2023,01/06/2023,31/05/2026,Desenvolvimento de sistemas de modulação com alta eficiência para comunicações de longas distâncias,Projeto sem financiamento externo,Não possui,DECIO RENNO DE MENDONCA FARIA,IESTI,Vigente
PIDI372-2023,01/06/2023,31/05/2026,Investigação de limites teóricos na multiplicação de matrizes com enfoque em geometria algébrica e aprendizado de máquina,Projeto sem financiamento externo,Não possui,RICK ANTONIO RISCHTER,IMC,Vigente
PIDI374-2023,01/06/2023,31/05/2026,Avaliação de risco ambiental de contaminantes presentes na água e no solo: Uma abordagem integrativa e ecologicamente relevante,Projeto sem financiamento externo,Não possui,DANIEL CLEMENTE VIEIRA REGO DA SILVA,IRN,Vigente
PVDI408-2022,20/09/2022,22/09/2025,Correlação entre rota de processamento de ligas de alumínio com resistência a corrosão e a evolução de hidrogênio - APQ 01318-22,Projeto com financiamento externo,FAPEMIG,MIRIAN DE LOURDES NORONHA MOTTA MELO,IEM,Vigente
PVDI407-2023,01/03/2023,27/02/2026,"Projeto e desenvolvimento de um equipamento para preparação de substratos para produção de cogumelos, com ênfase nos princípios da economia circular (EC) e projeto para manufatura e montagem (DFMA) - Chamada CNPq Nº 08/2022 – Bolsa de Produtividade em Desenvolvimento Tecnológico e Extensão Inovadora - DT",Projeto com financiamento externo,CNPq,CARLOS HENRIQUE PEREIRA MELLO,IEPG,Vigente
PVDI362-2023,01/06/2023,31/05/2026,Análise da relação do envelhecimento do para-raios sobre a distância elétrica de proteção,Projeto sem financiamento externo,Não possui,CREDSON DE SALLES,ISEE,Vigente
PVDI333-2023,01/06/2023,31/05/2026,Aprimoramento dos geradores de impulso do LAT-EFEI,Projeto sem financiamento externo,Não possui,ESTACIO TAVARES WANDERLEY NETO,ISEE,Vigente
PVDI336-2023,01/06/2023,31/05/2026,"REGIONALIDADES, ECONOMIA E CULTURA: Reflexões sobre o desenvolvimento do território do Sul de Minas Gerais",Projeto sem financiamento externo,Não possui,CARLOS ALBERTO MAXIMO PIMENTA,IEPG,Vigente
PVDI337-2023,01/06/2023,31/05/2026,"Agricultura familiar e desenvolvimento rural no sul de Minas: expressividade sócio econômica, gestão e políticas públicas",Projeto sem financiamento externo,Não possui,VIVIANE GUIMARAES PEREIRA,IEPG,Vigente
PIDI411-2022,26/12/2022,31/05/2026,"BENEFÍCIOS DA IMPLEMENTAÇÃO TÉCNICAS COMPENSATÓRIAS NA MITIGAÇÃO DOS PROBLEMAS CAUSADOS PELAS MUDANÇAS CLIMÁTICAS, ATRAVÉS DA GESTÃO DOS ASPECTOS QUALI-QUANTITATIVOS DA DRENAGEM URBANA NO MUNICÍPIO DE CURITIBA – PARANÁ - BRASIL","Projeto com financiamento externo, de outra instituição",CNPq,MARINA BATALINI DE MACEDO,IRN,Vigente
PVDI409-2023,01/03/2023,28/02/2026,AVANÇOS TECNOLÓGICOS E APOIO À DECISÃO - DESAFIOS E OPORTUNIDADES PARA A MOBILIDADE URBANA SUSTENTÁVEL E INTELIGENTE,Projeto com financiamento externo,CNPq,JOSIANE PALMA LIMA,IEPG,Vigente
PIDI364-2023,01/06/2023,31/05/2026,Análise de componentes metálicos submetidos ao processo de roleteamento externo.,Projeto sem financiamento externo,Não possui,JEAN CARLO CESCON PEREIRA,IEM,Vigente
PIDI344-2023,01/06/2023,31/05/2026,PREPARO DE LIPOSSOMAS CONTENDO VANCOMICINA E CIPROFLOXACINA: POTENCIAL ATIVIDADE ANTIMICROBIANA E ANTIBIOFILME PARA TRATAMENTO DE FERIDAS,Projeto sem financiamento externo,Não possui,DANIELA SACHS,IFQ,Vigente
PVDI366-2023,01/06/2023,31/05/2026,Efeito de Fotocondutividade em nano-filmes de Isolante Topológico Bi2Te3,Projeto sem financiamento externo,Não possui,SUELEN DE CASTRO,IFQ,Vigente
PVDI370-2023,01/06/2023,31/05/2026,A Abordagem Temática na Educação em Ciências: possibilidades para a inserção das questões socioambientais na Educação Básica,Projeto sem financiamento externo,Não possui,DANIELLE APARECIDA REIS LEITE,IFQ,Vigente
PVDI417-2022,12/09/2022,12/09/2025,"SÍNTESE, CARACTERIZAÇÃO, AVALIAÇÃO IN VITRO, IN VIVO E ESTUDOS IN SÍLICO DE NOVOS DERIVADOS DO PROTÓTIPO GIB24: POTENCIAIS AGENTES CONTRA A DOENÇA DE CHAGAS",Projeto com financiamento externo,FAPEMIG,MAURICIO FROTA SARAIVA,IFQ,Vigente
PVDI427-2022,14/12/2022,14/12/2025,"Motor bi-fuel de alta eficiência a etanol e biometano para aplicação em veículos comerciais leves: testes experimentais, hibridização, dual-fuel com H2 verde e análise da pegada de carbono.",Projeto com financiamento externo,FUNDEP,CHRISTIAN JEREMI CORONADO RODRIGUEZ,IEM,Vigente
PVDI421-2022,22/06/2022,22/06/2025,IMPACTOS ECONÔMICOS DA GERAÇÃO SOLAR FOTOVOLTAICA DISTRIBUÍDA NO ESTADO DE MINAS GERAIS: UMA ABORDAGEM DE MODELAGEM INTER-REGIONAL DE EQUILÍBRIO GERAL COMPUTÁVEL,Projeto com financiamento externo,FAPEMIG,VICTOR EDUARDO DE MELLO VALERIO,IEPG,Vigente
PVDI410-2022,01/11/2022,01/03/2026,Estudos integrados sobre Desenvolvimento Urbano e Tecnologias Sociais no contexto de cidades inteligentes e sustentáveis,Projeto com financiamento externo,CAPES,JOSIANE PALMA LIMA,IEPG,Vigente
PVDI393-2023,01/08/2023,31/07/2026,Integração da Inteligência Artificial com a Simulação Baseada em Agentes,Projeto sem financiamento externo,Não possui,ALEXANDRE FERREIRA DE PINHO,IEPG,Vigente
PVDI383-2023,01/08/2023,31/07/2026,"AVALIAÇÃO DO NÍVEL DE ALFABETIZAÇÃO FINANCEIRA DA COMUNIDADE ACADÊMICA DE UM INSTITUTO FEDERAL DE EDUCAÇÃO, CIÊNCIA E TECNOLOGIA",Projeto sem financiamento externo,Não possui,ANDRE LUIZ MEDEIROS,IEPG,Vigente
PVDI387-2023,01/08/2023,31/07/2026,ECONOMIA CIRCULAR NA CADEIA DE SUPRIMENTOS: UMA ABORDAGEM MULTIMÉTODOS,Projeto sem financiamento externo,Não possui,JENIFFER DE NADAE,IEPG,Vigente
PIDI400-2023,01/08/2023,31/07/2026,Elaboração e condução do Planejamento Estratégico das atividades desenvolvidas por Programas de Educação Tutorial (PET) UNIFEI – Campus Itajubá,Projeto sem financiamento externo,Não possui,JULIANA HELENA DAROZ GAUDENCIO,IEPG,Vigente
PVDI396-2023,01/08/2023,31/07/2026,Simulação Numérica de Escoamentos com Efeitos Combinados de Rugosidade Superficial e Transferência de Calor por Convecção Mista,Projeto sem financiamento externo,Não possui,LUIZ ANTONIO ALCANTARA PEREIRA,IEM,Vigente
PIDI403-2023,01/08/2023,31/07/2026,Soluções ópticas para sistemas repetidores de RF em frequência única,Projeto sem financiamento externo,Não possui,RAMON MAIA BORGES,IESTI,Vigente
PVDI384-2023,01/08/2023,31/07/2026,Implementação de Circuitos Neuromórficos Digitais utilizando a Arquitetura Extreme Learning Machine,Projeto sem financiamento externo,Não possui,GABRIEL ANTONIO FANELLI DE SOUZA,IESTI,Vigente
PIDI380-2023,01/08/2023,31/07/2026,Planejamento e Síntese de Derivados Heterocíclicos para Avaliação de Atividades Antiprotozoárias,Projeto sem financiamento externo,Não possui,MAURICIO SILVA DOS SANTOS,IFQ,Vigente
PVDI394-2023,01/08/2023,31/07/2026,Conversas com um cientista: encontros de alunos do ensino básico regular com um pesquisador da área de ciência dos materiais.,Projeto sem financiamento externo,Não possui,NEWTON DE FIGUEIREDO FILHO,IFQ,Vigente
PVDI376-2023,01/08/2023,31/07/2026,"MENINAS E MULHERES COM DEFICIÊNCIA: EDUCAÇÃO, CIÊNCIA E TECNOLOGIA",Projeto sem financiamento externo,Não possui,PALOMA ALINNE ALVES RODRIGUES,IFQ,Vigente
PIDI401-2023,01/08/2023,31/07/2026,"Desenvolvimento de Jogos Educativos para o Ensino de Lógica e Fundamentos de Programação: uma Abordagem com Foco no Game Design, no Entretenimento e no Conteúdo Pedagógico",Projeto sem financiamento externo,Não possui,PHYLLIPE DE SOUZA LIMA FRANCISCO,IMC,Vigente
PIDI404-2023,01/08/2023,31/07/2026,Café para todos: um estudo sobre a disponibilização de dados para apoiar a tomada de decisão no ciclo produtivo do café,Projeto sem financiamento externo,Não possui,MELISE MARIA VEIGA DE PAULA,IMC,Vigente
PVDI406-2023,01/08/2023,31/07/2026,Um estudo da transferência de aprendizado empregando modelos de aprendizado profundo,Projeto sem financiamento externo,Não possui,ISABELA NEVES DRUMMOND,IMC,Vigente
PVDI415-2023,01/08/2023,31/07/2026,Implementação de resultados de Pesquisas em Resolução e Proposição de Problemas: parcerias de coaprendizagem na formação de professores de matemática.,Projeto sem financiamento externo,Não possui,FLAVIA SUELI FABIANI MARCATTO,IMC,Vigente
PIDI392-2023,01/08/2023,31/07/2026,UTILIZAÇÃO DA LIGNINA COMO PLATAFORMA QUÍMICA PARA OBTENÇÃO DE PRODUTOS COM VALOR AGREGADO,Projeto sem financiamento externo,Não possui,JOSE RENATO GUIMARAES,IRN,Vigente
PIDI402-2023,01/08/2023,31/07/2026,Modelagem e simulação por fluidodinâmica computacional do processo de secagem de biomassas,Projeto sem financiamento externo,Não possui,MAXIMILIAN JOACHIM HODAPP,IRN,Vigente
PVDI377-2023,01/08/2023,31/07/2026,Microbiologia aplicada a trilhas ecológicas: bioindicadores e funcionalidade de ecossistemas,Projeto sem financiamento externo,Não possui,ROGERIO MELLONI,IRN,Vigente
PVDI385-2023,01/08/2023,31/07/2026,Qualidade dos Estudos de Impacto Ambiental e a preservação da qualidade ambiental,Projeto sem financiamento externo,Não possui,MARIA RITA RAIMUNDO E ALMEIDA,IRN,Vigente
PVDI399-2023,01/08/2023,31/07/2026,Investigação dos Impactos 3D nos Sistemas Elétricos Brasileiros,Projeto sem financiamento externo,Não possui,CLAUDIA ELIANE DA MATTA,ISEE,Vigente
PVDI426-2023,07/08/2023,07/08/2027,PREVISÃO DE PARÂMETROS ESTRUTURAIS E DE CUSTO DE MODELOS FABRICADOS VIA MANUFATURA ADITIVA POR MEIO DE TÉCNICAS DE DEEP LEARNING,Projeto com financiamento externo,FAPEMIG,MATHEUS BRENDON FRANCISCO,IEPG,Vigente
PVDI429-2023,05/08/2023,05/08/2027,Produção de H2 Verde em escala de laboratório a partir de sistemas solares FV e Testes Experimentais dual-fuel em motor multicilíndrico usando H2 Verde e HVO (diesel verde) importado e/ou produzido em laboratório,Projeto com financiamento externo,FAPEMIG,CHRISTIAN JEREMI CORONADO RODRIGUEZ,IEM,Vigente
PVDI449-2023,11/10/2023,09/10/2026,ESTUDOS EM MECÂNICA CELESTE: CONFIGURAÇÕES CENTRAIS E O PROBLEMA DE N CORPOS,Projeto com financiamento externo,FAPEMIG,Luis Fernando de Osório Mello,IMC,Vigente
PVDI450-2023,01/03/2023,28/02/2026,Modelos análogos em meios óticos,Projeto com financiamento externo,CNPq,VITORIO ALBERTO DE LORENCI,IFQ,Vigente
PVDI451-2023,22/08/2023,21/08/2025,Dinâmica e ruptura de bolhas de hidrogênio em microcanais com junções em T e em Y,Projeto com financiamento externo,FAPEMIG,ANA LUCIA FERNANDES DE LIMA E SILVA,IEM,Vigente
PIDI422-2023,01/11/2023,31/10/2026,Mapeamento da cafeicultura do Sul de Minas utilizando dados do Brazil Data Cube e Inteligência Artificial,Projeto sem financiamento externo,Não possui,VANESSA CRISTINA OLIVEIRA DE SOUZA,IMC,Vigente
PVDI431-2023,01/11/2023,31/10/2026,Órbitas periódicas e toros invariantes em R^N,Projeto sem financiamento externo,Não possui,BRAULIO AUGUSTO GARCIA,IMC,Vigente
PIDI423-2023,01/11/2023,31/10/2026,Desenvolvimento de uma ferramenta de aprendizado de máquina baseada em k-mer para identificação de genomas de arbovírus,Projeto sem financiamento externo,Não possui,LUIZ CARLOS BERTUCCI BARBOSA,IRN,Vigente
PIDI428-2023,01/11/2023,31/10/2026,Controle de Emissões de Sistemas de Esgoto: Telhado Verde Fotovoltaico para Cidade Resiliente e Sustentável,Projeto sem financiamento externo,Não possui,HERLANE COSTA CALHEIROS,IRN,Vigente
PIDI438-2023,01/11/2023,31/10/2026,Revestimento de ligas a base de molibdênio com camadas de alta resistência à oxidação obtidas por HAPC (Halide Activated Pack Cementation),Projeto sem financiamento externo,Não possui,MARCIA REGINA BALDISSERA RODRIGUES,IRN,Vigente
PVDI434-2023,01/11/2023,31/10/2024,Análise das características sinóticas do ciclone Yakecan,Projeto sem financiamento externo,Não possui,Michelle Simões Reboita,IRN,Expirado
PVDI436-2023,01/11/2023,31/10/2026,"FERRAMENTAS COMPUTACIONAIS PARA MODELAGEM, SIMULAÇÃO E ANÁLISE DE DADOS NA ENGENHARIA DE BIOPROCESSOS",Projeto sem financiamento externo,Não possui,GUILHERME YOUSSEF RODRIGUEZ,IRN,Vigente
PVDI445-2023,01/11/2023,31/10/2026,"Análise multitemporal do uso e ocupação do solo na microbacia hidrográfica do ribeirão José Pereira, no município de Itajubá (MG)",Projeto sem financiamento externo,Não possui,NIVEA ADRIANA DIAS PONS,IRN,Vigente
PVDI416-2023,01/11/2023,31/10/2026,Estudo de vulnerabilidades e aplicação de WASM,Projeto sem financiamento externo,Não possui,BRUNO TARDIOLE KUEHNE,IESTI,Vigente
PVDI442-2023,01/11/2023,31/10/2026,Desenvolvimento de Dispositivo Centralizado de Proteção e Controle para uma Subestação 4.0 – CPC-Unifei,Projeto sem financiamento externo,Não possui,CARLOS ALBERTO VILLEGAS GUERRERO,ISEE,Vigente
PVDI443-2023,01/11/2023,31/10/2026,Eletromobilidade urbana: impacto da tecnologia de recarga dinâmica de veículos elétricos nas redes de distribuição elétrica de centros urbanos,Projeto sem financiamento externo,Não possui,ELIANE VALENCA NASCIMENTO DE LORENCI,ISEE,Vigente
PIDI418-2023,01/11/2023,31/10/2026,Fabricação de eletrodos de silício nanoestruturado para uso em baterias de lítio e sódio,Projeto sem financiamento externo,Não possui,DANILO ROQUE HUANCA,IFQ,Vigente
PVDI441-2023,01/11/2023,31/10/2026,Estudos da geração de energia à partir do tratamento de resíduos por acoplamento de diferentes processos,Projeto sem financiamento externo,Não possui,MILADY RENATA APOLINARIO DA SILVA,IFQ,Vigente
PVDI425-2023,01/11/2023,31/10/2026,MICROPLÁSTICOS COMO VETORES DE TRANPORTE DE CONTAMINANTES EMERGENTES NO RESERVATÓRIO DE FURNAS (MG),Projeto sem financiamento externo,Não possui,SANDRO JOSE DE ANDRADE,IFQ,Vigente
PVDI414-2023,01/11/2023,31/10/2026,A utilização de experimentos controlados remotamente no Ensino de Ciências: um levantamento das principais demandas formativas dos docentes,Projeto sem financiamento externo,Não possui,THIAGO COSTA CAETANO,IFQ,Vigente
PVDI455-2022,01/03/2022,28/02/2025,Caracterização de propriedades térmicas dos óxidos precursores e crescimento de monocristais conversores de energia através da técnica Bridgman-Stockbarger,"Projeto com financiamento externo, de outra instituição",CNPq,MARIA VIRGINIA GELFUSO,IEM,Vigente
PVDI457-2023,02/12/2023,31/12/2026,Novos protótipos pirazólicos e inibidores de FAK como estratégias para o tratamento da doença de Chagas,"Projeto com financiamento externo, de outra instituição",CNPq,MAURICIO SILVA DOS SANTOS,IFQ,Vigente
PVDI458-2023,08/08/2023,31/12/2026,"MAPEAMENTO DO POTENCIAL TÉCNICO, ECONÔMICO E AMBIENTAL DE ALTERNATIVAS PARA DESCARBONIZAÇÃO DO SETOR INDUSTRIAL MINEIRO ATRAVÉS DO USO DE HIDROGÊNIO RENOVÁVEL E/OU GÁS NATURAL SINTÉTICO”",Projeto com financiamento externo,FAPEMIG,Osvaldo José Venturini,IEM,Vigente
PVDI459-2023,01/04/2023,31/03/2026,Dinâmica e controlabilidade em problemas de reação e difusão dos tipos mono-estável e bi-estável,Projeto com financiamento externo,CNPq,MAICON SONEGO,IMC,Vigente
PIDI460-2023,23/11/2023,22/11/2026,Desenvolvimento e otimização de um sistema catalítico heterogêneo para a produção contínua de fruto-oligossacarídeos utilizando impressão 3D e fluidodinâmica computacional.,"Projeto com financiamento externo, de outra instituição",CNPq,MAXIMILIAN JOACHIM HODAPP,IRN,Vigente
PVDI461-2023,01/09/2023,01/09/2025,DESENVOLVIMENTO DE MATERIAIS E DISPOSITIVOS TERMOELÉTRICOS PARA RECICLAGEM DE ENERGIA,"Projeto com financiamento externo, de outra instituição",FAPEMIG,MARIA VIRGINIA GELFUSO,IEM,Vigente
PVDI462-2023,23/11/2023,22/11/2026,Desenvolvimento de uma Base de Dados Termodinâmica para Ligas Multicomponentes do Sistema V-Zr-Nb-Hf-Cr,Projeto com financiamento externo,CNPq,ANTONIO AUGUSTO ARAUJO PINTO DA SILVA,IEM,Vigente
PVDI456-2024,02/01/2024,31/01/2026,Gestão térmica de um eletrolisador alcalino para melhorar e eficiência na produção de hidrogênio verde e recuperação de calor residual,Projeto com financiamento externo,CNPq,JUAN JOSE GARCIA PABON,IEM,Vigente
PVDI464-2024,28/02/2024,28/02/2027,"O CONHECIMENTO MATEMÁTICO PRÓPRIO DA DOCÊNCIA NA PESQUISA EM EDUCAÇÃO MATEMÁTICA: a necessária renovação da formação de professore(a)s, tendo em vista a profissão",Projeto com financiamento externo,CNPq,ELIANE MATESCO CRISTOVAO,IMC,Vigente
PVDI465-2023,01/09/2023,31/08/2026,Eventos climáticos extremos no Sul de Minas Gerais: Projeções Futuras na Escala de Convecção Permitida,Projeto com financiamento externo,FAPEMIG,Michelle Simões Reboita,IRN,Vigente
PVDI463-2024,26/02/2024,31/12/2028,PET: Formação de Professores em Ciências Exatas,Projeto com financiamento externo,CAPES,ADHIMAR FLAVIO OLIVEIRA,IFQ,Vigente
PVDI468-2023,11/12/2023,31/12/2026,A Expossoma da América do Sul: caracterização e perspectivas futuras para a saúde da pele e dos cabelos,Projeto com financiamento externo,CNPq,MARCELO DE PAULA CORREA,IRN,Vigente
PVDI466-2023,30/10/2023,29/10/2025,Estudos avançados em limpeza e condicionamento de gás de síntese oriundo da gaseificação de biomassa para geração de novos combustíveis sintéticos,Projeto com financiamento externo,FAPEMIG,DIEGO MAURICIO YEPES MAYA,IEM,Vigente
PVDI470-2024,01/03/2024,28/02/2027,O índice da expossoma extrínseca: Uma ferramenta para avaliar os efeitos da exposição cotidiana sobre a saúde da pele e dos cabelos,Projeto com financiamento externo,CNPq,MARCELO DE PAULA CORREA,IRN,Vigente
PVDI479-2023,10/10/2023,28/02/2027,MultI-waveleNgth investigation Of planeTAry nebUlae pRoblems,"Projeto com financiamento externo, de outra instituição",União Européia,HEKTOR STHENOS ALVES MONTEIRO,IFQ,Vigente
PIDI491-2024,01/01/2024,01/01/2027,Rede de Herbários preenchendo lacunas de conhecimento: inventários e compilação da diversidade vegetal em relictos ambientais negligenciados nas serras e montanhas mineiras,"Projeto com financiamento externo, de outra instituição",FAPEMIG,HISAIAS DE SOUZA ALMEIDA,IRN,Vigente
PVDI489-2024,13/03/2024,13/03/2029,"COMO AS TRINCAS NO FRUTO DA CASTANHA-DO-PARÁ PODEM FUNCIONAR COMO MECANISMOS DE TENACIFICAÇÃO RESULTANDO EM UMA CÁPSULA PROTETORA EXTRAORDINÁRIA? ('How can the cracks in the Brazil nut fruit work as toughening mechanisms leading to an outstanding protective capsule? "")",Projeto com financiamento externo,FAPEMIG/INSTITUTO SERRAPILHEIRA,MARILIA SONEGO,IEM,Vigente
PVDI493-2024,01/03/2024,31/07/2027,Análise Experimental e Numérica em Transferência de Calor com Ênfase no Uso de Problemas Inversos,Projeto com financiamento externo,CNPq,SANDRO METREVELLE MARCONDES DE LIMA E SILVA,IEM,Vigente
PVDI490-2023,29/08/2023,28/08/2026,A produção acadêmica em Educação Ambiental no Brasil: o estado da arte de teses e dissertações produzidas entre 1981 e 2023,Projeto com financiamento externo,FAPEMIG,DANIELLE APARECIDA REIS LEITE,IFQ,Vigente
PVDI502-2024,01/01/2024,01/01/2027,Lipossomas com compostos eugenólicos-terpênicos como potencial sistema com atividade antimicrobiana e antibiofilme,Projeto com financiamento externo,FAPEMIG,DANIELA SACHS,IFQ,Vigente
PVDI492-2024,01/03/2024,28/02/2029,Redes Inteligentes: Efeitos na estabilidade sistêmica e papel na construção de cidades inteligentes,Projeto com financiamento externo,CNPq,ANTONIO CARLOS ZAMBRONI DE SOUZA,ISEE,Vigente
PVDI485-2024,01/06/2024,31/05/2027,A Gestão Baseada em Atividades em Instituições Federais de Ensino Superior (IFES): fator relevante para definição dos processos críticos e suas atividades,Projeto sem financiamento externo,Não possui,ELIZABETE RIBEIRO SANCHES DA SILVA,IEPG,Vigente
PIDI527-2023,18/08/2023,18/12/2026,Quantificando letalidade e comportamento de peixes expostos a supersaturação gasosa em rios sob influência de usinas hidrelétricas,Projeto com financiamento externo,Companhia Energética SINOP,CARLOS BARREIRA MARTINEZ,IEM,Vigente
PVDI525-2024,01/03/2024,31/07/2027,Método para Seleção de Variáveis Críticas no Monitoramento de Gêmeos Digitais usando Lean Six Sigma,Projeto com financiamento externo,CNPq,RAFAEL DE CARVALHO MIRANDA,IEPG,Vigente
PVDI477-2024,01/06/2024,31/05/2027,CATÁLOGO DE AGLOMERADOS ABERTOS NA ERA GAIA,Projeto sem financiamento externo,Não possui,WILTON DA SILVA DIAS,IFQ,Vigente
PVDI474-2024,01/06/2024,31/05/2027,"EXPLORANDO ASPECTOS DE INTEGRABILIDADE, DUALIDADES, E DEFORMACÕES EM TEORIAS DE CAMPOS",Projeto sem financiamento externo,Não possui,ALEXIS ROA AGUIRRE,IFQ,Vigente
PIDI469-2024,01/06/2024,31/05/2027,Estruturas de índices para armazenamento massivo de grandes volumes de dados,Projeto sem financiamento externo,Não possui,LUIZ OLMES CARVALHO,IMC,Vigente
PVDI481-2024,01/06/2024,31/05/2027,Análise do Impacto do Aumento da Inserção de Fontes Renováveis Intermitentes no Planejamento da Operação do Sistema Elétrico Brasileiro,Projeto sem financiamento externo,Não possui,FABRICIO SILVEIRA CHAVES,ISEE,Vigente
PVDI528-2020,01/03/2024,28/02/2027,Avaliação de Risco e Viabilidade Econômica em projetos de geração de energia renovável e de fontes híbridas no Brasil,Projeto com financiamento externo,CNPq,EDSON DE OLIVEIRA PAMPLONA,IEPG,Vigente
PVDI529-2024,17/06/2024,17/06/2027,DESENVOLVIMENTO DE ESTRUTURAS INTELIGENTES POR MEIO DE MANUFATURA ADITIVA E IMPRESSÃO 4D,Projeto com financiamento externo,FAPEMIG,GUILHERME FERREIRA GOMES,IEM,Vigente
PDIP01-2023,10/01/2023,10/01/2026,"Uai, me conta!",Projeto com financiamento externo,FAPEMIG,JANE RAQUEL SILVA DE OLIVEIRA,IFQ,Vigente
PVDI531-2023,24/01/2023,31/01/2027,Estudos de atribuição das mudanças climáticas e geração de cenários e de indicadores de impacto em suporte à planejamentos de medidas de adaptação regional e local,"Projeto com financiamento externo, de outra instituição",CNPq,BENEDITO CLAUDIO DA SILVA,IRN,Vigente
PVDI532-2024,13/05/2024,14/06/2027,"Ciência, mídias e informação na escola: integrando vozes e promovendo protagonismos responsáveis",Projeto com financiamento externo,FAPEMIG,ALESSANDRA RODRIGUES,IFQ,Vigente
PVDI533-2024,01/03/2024,29/02/2028,"BIOCOMBUSTÍVEIS A PARTIR DE RESÍDUOS: COMBUSTÃO, ENERGIA E HIDROGÊNIO VERDE",Projeto com financiamento externo,CNPq,CHRISTIAN JEREMI CORONADO RODRIGUEZ,IEM,Vigente
PIDI482-2024,01/06/2024,31/05/2027,"Desempenho ambiental da Produção, Armazenamento, Transporte e Uso de Hidrogênio (PATU-H2) como fonte de energia",Projeto sem financiamento externo,Não possui,RAFAEL SILVA CAPAZ,IRN,Vigente
PIDI483-2024,01/06/2024,31/05/2027,MODELAGEM E SIMULAÇÃO DO PROCESSO DE RECICLAGEM DE PILHAS E BATERIAS,Projeto sem financiamento externo,Não possui,LETICIA FABRI TURETTA,IRN,Vigente
PIDI448-2023,06/06/2023,06/05/2025,Cromismo: Estudo Computacional de efeitos de misturas de solventes líquidos,Projeto com financiamento externo,FAPEMIG,JULIANA FEDOCE LOPES,IFQ,Vigente
PIDI537-2022,12/09/2022,15/02/2025,Estratégias para modificação superficial de filmes de fluoreto de polivinilideno-trifluoretileno para estimulação do crescimento ósseo,Projeto com financiamento externo,FAPEMIG,ROSSANO GIMENES,IFQ,Vigente
PVDI536-2024,01/01/2024,31/12/2027,Formação de Engenheiros Preparados para um Futuro com Hidrogênio Verde,Projeto com financiamento externo,CAPES,SEBASTIAO SIMOES DA CUNHA JUNIOR,IEM,Vigente
PIDI510-2024,01/08/2024,31/07/2027,ANÁLISE E OTIMIZAÇÃO DE MÚLTIPLAS CARACTERÍSTICAS PARA SISTEMAS AVANÇADOS EM SOLDAGEM DE REVESTIMENTO DE CHAPAS DE AÇO UTILIZANDO SISTEMAS DE SINAIS,Projeto sem financiamento externo,Não possui,PAULO HENRIQUE DA SILVA CAMPOS,IEPG,Vigente
PVDI501-2024,01/08/2024,31/07/2027,Segurança cibernética: IA e Computação quântica,Projeto sem financiamento externo,Não possui,OTÁVIO DE SOUZA MARTINS GOMES,IESTI,Vigente
PVDI506-2024,01/08/2024,31/07/2027,Estudo e desenvolvimento de redes neurais otimizadas para detecção de batimentos ventriculares prematuros (PVC).,Projeto sem financiamento externo,Não possui,ODILON DE OLIVEIRA DUTRA,IESTI,Vigente
PVDI518-2024,01/08/2024,31/07/2027,Desenvolvimento de um sistema de controle e monitoramento remoto para conversores eletrônicos de potência,Projeto sem financiamento externo,Não possui,ROBSON BAUWELZ GONZATTI,IESTI,Vigente
PIDI546-2024,01/07/2024,30/06/2027,Fabricação e caracterização óptica e elétrica de micro e nanotubos de silício baseados em silício poroso,Projeto com financiamento externo,FAPEMIG,DANILO ROQUE HUANCA,IFQ,Vigente
PIDI545-2024,23/07/2024,22/07/2027,Implantes MAGXILO - Desenvolvimento de ligas e implantes bioabsorvíveis à base de magnésio para aplicações maxilofaciais,Projeto com financiamento externo,FAPEMIG,BRUNO XAVIER DE FREITAS,IEM,Vigente
PVDI543-2023,11/12/2023,31/12/2026,Metamateriais Elastodinâmicos Projetados para a Atenuação de Vibrações em Estruturas Civis Formadas por Elementos de Barra Usando o Método dos Elementos Finitos Posicional e Métodos de Otimização Multiobjetivo,"Projeto com financiamento externo, de outra instituição",CNPq,CAROLINA QUINTERO RAMIREZ,IRN,Vigente
PVDI547-2024,01/01/2024,31/12/2026,Aprendizagem profissional de formadores e de futuros professores de matemática: constituindo comunidades de prática e de investigação.,"Projeto com financiamento externo, de outra instituição",CNPq,FLAVIA SUELI FABIANI MARCATTO,IMC,Vigente
PIDI496-2024,01/08/2024,31/07/2027,Aprendizagem profissional de formadores e de futuros professores de matemática: constituindo comunidades de prática e de investigação.,Projeto sem financiamento externo,Não possui,IVAN FELIPE SILVA DOS SANTOS,IRN,Vigente
PVDI497-2024,01/08/2024,31/07/2027,Modelagem e simulação computacional em sistemas de distribuição de água utilizando ferramentas visando melhoria da eficiência dos sistemas e conservação de água,Projeto sem financiamento externo,Não possui,FERNANDO DAS GRACAS BRAGA DA SILVA,IRN,Vigente
PVDI500-2024,01/08/2024,31/07/2027,"TEMAS SOCIOAMBIENTAIS, EDUCAÇÃO EM CIÊNCIAS E A FORMAÇÃO DO PROFISSIONAL DOCENTE: POSSÍVEIS RELAÇÕES NAS NOVAS DIRETRIZES E NA CURRICULARIZAÇÃO DA EXTENSÃO",Projeto sem financiamento externo,Não possui,JANAINA ROBERTA DOS SANTOS,IRN,Vigente
PIDI522-2024,01/08/2024,31/07/2027,Avaliação do desempenho de estações de tratamento de efluentes industriais e sanitários em Minas Gerais,Projeto sem financiamento externo,Não possui,ANDRE AGUIAR MENDES,IRN,Vigente
PVDI512-2024,01/08/2024,31/07/2027,Estudo de compósitos cimentícios autoadensáveis produzidos com materiais alternativos,Projeto sem financiamento externo,Não possui,VALQUIRIA CLARET DOS SANTOS,IRN,Vigente
PIDI487-2024,01/08/2024,31/07/2027,MATERIAIS LAMELARES A BASE DE ÓXIDO DE NIÓBIO (Nb2O5) INTERCALADOS COM POLÍMEROS CONDUTORES PARA A CONSTRUÇÃO DE SENSORES QUÍMICOS,Projeto sem financiamento externo,Não possui,FABIO DA SILVA LISBOA,IFQ,Vigente
PVDI486-2024,01/08/2024,31/07/2027,"Síntese e Caracterização de Novos Metalofármacos de Pd(II), Pt(II), Pt(IV) e In(III) derivados de ligantes sulfonilditiocarbimatos",Projeto sem financiamento externo,Não possui,EDER DO COUTO TAVARES,IFQ,Vigente
PVDI494-2024,01/08/2024,31/07/2027,Síntese Verde de Nanopartículas de dióxido de titânio para Fotocatálise Ambiental e Energética,Projeto sem financiamento externo,Não possui,ADHIMAR FLAVIO OLIVEIRA,IFQ,Vigente
PVDI499-2024,01/08/2024,31/07/2027,Caracterização dos conhecimentos de professores e futuros professores em processos formativos: uma análise a partir da Base de Conhecimentos para o Ensino,Projeto sem financiamento externo,Não possui,JOAO RICARDO NEVES DA SILVA,IFQ,Vigente
PVDI509-2024,01/08/2024,31/07/2027,Nos caminhos do discurso: sentidos da relação ser humano-natureza em trilhas ao ar livre,Projeto sem financiamento externo,Não possui,PAULO CEZAR NUNES JUNIOR,IFQ,Vigente
PVDI514-2024,01/08/2024,31/07/2027,A formação de sujeitos em Educação Ambiental: o discurso de professores em serviço e de licenciandos da área de Educação em Ciências.,Projeto sem financiamento externo,Não possui,WANDERSON RODRIGUES MORAIS,IFQ,Vigente
PVDI515-2024,01/08/2024,31/07/2027,A História da Ciência no Programa Nacional do Livro Didático: efeitos da Base Nacional Comum Curricular nos materiais didáticos do Ensino Médio,Projeto sem financiamento externo,Não possui,EVANDRO FORTES ROZENTALSKI,IFQ,Vigente
PVDI521-2024,01/08/2024,31/07/2027,Estruturas baseadas em materiais avançados para desenvolvimentos de novos dispositivos e aplicações,Projeto sem financiamento externo,Não possui,MARCELOS LIMA PERES,IFQ,Vigente
PVDI524-2024,01/08/2024,31/07/2027,"Entre trilhas, normas e documentos: um estudo terminológico para subsidir o projeto TrilhaZ",Projeto sem financiamento externo,Não possui,MARCIA DE SOUZA LUZ FREITAS,IFQ,Vigente
PVDI511-2024,01/08/2024,31/07/2027,SISTEMA INTELIGENTE PARA DETECÇÃO E IDENTIFICAÇÃO DE OBJETOS NO SOLO E PREVISÃO DE DESASTRES,Projeto sem financiamento externo,Não possui,ALEXANDRE CARLOS BRANDAO RAMOS,IMC,Vigente
PVDI507-2024,01/08/2024,31/07/2027,Desenvolvimento de veículos aéreos não tripulados autônomos para o setor agropecuário,Projeto sem financiamento externo,Não possui,BRUNO GUAZZELLI BATISTA,IMC,Vigente
PVDI505-2024,01/08/2024,31/07/2027,Retratos de Fase de Campos de Corrente,Projeto sem financiamento externo,Não possui,DENIS DE CARVALHO BRAGA,IMC,Vigente
PVDI504-2024,01/08/2024,31/07/2027,Tópicos Matemáticos em Cosmologia e Relatividade Geral,Projeto sem financiamento externo,Não possui,LEANDRO GUSTAVO GOMES,IMC,Vigente
PVDI520-2024,01/08/2024,31/07/2027,Ciclos limites em sistemas Hamiltonianos quadráticos suaves por partes,Projeto sem financiamento externo,Não possui,ALEXANDER FERNANDES DA FONSECA,IMC,Vigente
PVDI550-2024,01/09/2024,15/01/2027,Desenvolvimento e avaliação de um sistema de estimativa de biomassa ﬂorestal com o uso de sensores de baixo custo,Projeto com financiamento externo,FAPEMIG,ALEXANDRE CARLOS BRANDAO RAMOS,IMC,Vigente
PVDI560-2024,04/12/2023,31/12/2026,Análise de eficiência da valorização de resíduos de açaí para energia renovável utilizando secador rotativo,Projeto com financiamento externo,CNPq,HUGO PERAZZINI,IRN,Vigente
PVDI562-2024,05/11/2024,05/11/2028,"Impactos do aquecimento global de 1,5ºC, 2ºC e 3ºC na produtividade do café arábica no estado de Minas Gerais",Projeto com financiamento externo,FAPEMIG,FABRINA BOLZAN MARTINS,IRN,Vigente
PVDI565-2024,07/11/2024,06/12/2027,Análise Experimental e Numérica em Transferência de Calor com Ênfase no Uso de Problemas Inversos,Projeto com financiamento externo,FAPEMIG,SANDRO METREVELLE MARCONDES DE LIMA E SILVA,IEM,Vigente
PIDI554-2024,01/11/2024,31/10/2027,O SITE LIBREX UTILIZADO NA MEDIAÇÃO DO ENSINO DA LIBRAS NA EDUCAÇÃO SUPERIOR,Projeto sem financiamento externo,Não possui,ANA CAROLINA SALES OLIVEIRA,IFQ,Vigente
PVDI558-2024,01/11/2024,31/10/2027,ESPALHAMENTO DE LUZ VISÍVEL NA ALTA ATMOSFERA DE EXOPLANETAS GIGANTES GASOSOS,Projeto sem financiamento externo,Não possui,GABRIEL RODRIGUES HICKEL,IFQ,Vigente
PVDI534-2024,01/11/2024,31/10/2027,Análise de Viabilidade de Produtos de eHealth por meio de Infraestruturas Computacionais Distribuídas e Inteligentes,Projeto sem financiamento externo,Não possui,EDVARD MARTINS DE OLIVEIRA,IESTI,Vigente
PVDI551-2024,01/11/2024,31/10/2027,Estudo das variáveis da etapa de recozimento no processo de galvanização de chapas de aço ferrítico-perlítico,Projeto sem financiamento externo,Não possui,GEOVANI RODRIGUES,IEM,Vigente
PVDI542-2024,01/11/2024,31/10/2027,Modelagem e Simulação de Vôo de aeronaves tipo Tilt-Rotors.,Projeto sem financiamento externo,Não possui,MARCELO SANTIAGO DE SOUSA,IEM,Vigente
PVDI555-2024,01/11/2024,31/10/2027,Controle de Posicionamento e Rastreamento de Trajetória em Nano Drones,Projeto sem financiamento externo,Não possui,YOHAN ALI DIAZ MENDEZ,IEM,Vigente
PVDI556-2024,01/11/2024,31/10/2027,OBTENÇÃO DE PROTEÍNAS E INVESTIGAÇÃO DO POTENCIAL ANTIOXIDANTE E ANTIMICROBIANO DE HIDROLISADOS PROTEICOS DE LEVEDURA RESIDUAL DE CERVEJARIA,Projeto sem financiamento externo,Não possui,ALINE MASSIA PEREIRA,IRN,Vigente
PIDI549-2024,01/11/2024,31/10/2027,Análise e otimização de projeto de vias rodoviárias: pavimentação e geometria viária como fatores críticos de desempenho,Projeto sem financiamento externo,Não possui,MARIA RACHEL DE ARAUJO RUSSO,IRN,Vigente
PVDI552-2024,01/11/2024,31/10/2027,Estudo do desempenho mecânico e estrutural dos materiais cimentícios autoadensáveis e avanços inovadores em acústica e vibro acústica,Projeto sem financiamento externo,Não possui,PAULO CESAR GONCALVES,IRN,Vigente
PVDI566-2024,08/08/2024,08/04/2026,Desenvolvimento e Simulação de Módulo de Gerenciamento Energético para Sistema de Produção de H2 com Compensação Harmônica e Reativa,Projeto com financiamento externo,"Projetos de P&D registrados na PROEX - PS SOLUÇÕES INDÚSTRIA, COMÉRCIO, REPRESENTAÇÕES E CONSULTORIA LTDA",RONDINELI RODRIGUES PEREIRA,IESTI,Vigente
PVDI567-2024,24/10/2024,24/10/2027,ESTABILIDADE ASSINTÓTICA GLOBAL E O 16° PROBLEMA DE HILBERT,Projeto com financiamento externo,FAPEMIG,FABIO SCALCO DIAS,IMC,Vigente
PVDI571-2025,02/01/2025,01/01/2028,Aliança Professor-Pesquisador para a Investigação da Aprendizagem em Matemática - APPIAM,Projeto com financiamento externo,FAPEMIG,FLAVIA SUELI FABIANI MARCATTO,IMC,Vigente
