Código,Título do Projeto de Pesquisa,Início,Término,Status,Financiador,Recursos Externos ,Equipe,Instituto Vinculado,Função (Discente/ Coordenador/Docente),Entrega de relatório (observações)
639,Estudo e previsão de precipitação e vazão ao longo do Rio Sapucaí que impctam o município de Itajubá - MG,1/11/2017,6/4/2023,Expirado,FAPEMIG,"R$ 55.434,75",Michelle Simões Reboita,IRN,Coordenador,Arquivado - Relatório final entregue
642,Radiação de corpo negro escalar na presença de fronteiras,1/12/2017,6/5/2024,Vigente,FAPEMIG,"R$ 5.250,00",Edisom de Souza Moreira Júnior,IMC,Coordenador,503 FAPEPE- Prorrogado até 05/2024 de acordo com Carta Aditiva recebida em 02/2022
645,"Geometria de curvas planas ,sistemas hamiltonianos e sistemas descontínuos",1/12/2017,6/5/2024,Vigente,FAPEMIG,"R$ 24.307,50",Fábio Scalco Dias,IMC,Coordenador,505 FAPEPE Prorrogado de 01/12/2019 para 06/12/21 em 21/05/2020 - Prorrogado até 05/2024 de acordo com Carta Aditiva recebida em 02/2022
646,Impacto das mudanças climáticas nas culturas de clima temperado para Minas Gerais,1/4/2018,6/5/2025,Vigente,FAPEMIG,"R$ 32.396,70",Fabrina Bolzan Martins,IRN,Coordenador,510  FAPEPE – Prorrogado de 01/08/2020 para 06/12/2021 em 11/05/2020/ Prorrogado em 07/2021 para 07/2022 ( prorrogação autorizada email 13/07/2022)- Prorrogado em 09/2021 para 12/2022- Prorrogado até 05/2025 de acordo com Carta Aditiva
649,Efeito de biomoléculas com propriedades redutoras na degradação de corantes e de efluente têxtil por processos Fenton,1/2/2018,20/5/2024,Vigente,FAPEMIG,"R$ 14.949,00",André Aguiar Mendes,IRN,Coordenador,521 FAPEPE – Demanda Universal 01/2017 // Projeto prorrogado para 20/12/2021/ Prorrogado até 07/2022/ Prorrogado até 05/2024
650,Avaliação teórica e experimental do emprego de energia heliotérmica para a secagem e higienização de lodo sanitário,1/12/2017,18/5/2024,Vigente,FAPEMIG,"R$ 22.575,00",Osvaldo José Venturini,IEM,Coordenador,Prorrogado até 18/05/2024 conforme carta aditiva - 520 FAPEPE
652,"Análise e formulação de problema inverso robusto para a detecção de danos em estruturas por meio de técnicas de identificação de parâmetros, otimização e tomada de decisão Fuzzy",1/12/2017,11/5/2025,Vigente,FAPEMIG,"R$ 3.517,50",Patricia da Silva Lopes Alexandrino,IEM,Coordenador,Prorrogado até 11/05/2025 conforme carta aditiva - 526 FAPEPE – Prorrogado de 01/12/2019 para 11/12/2021 em 09/04/2020
654,Desenvolvimento de arranjos de antenas banda-larga assistidos por lentes dielétricas,1/1/2018,6/5/2025,Vigente,FAPEMIG,"R$ 42.262,50",Danilo Henrique Spadoti,IESTI,Coordenador, Prorrogado até 06/05/2025 de acordo com Termo Aditivo da FAPEMIG
661,Estabilidade de tensão e redes inteligentes:Interação e efeitos,1/2/2018,30/4/2023,Expirado,FAPEMIG,"R$ 25.200,00",Antônio Carlos Zambroni de Souza,ISEE,Coordenador,513 FAPEPE
686,NARRATIVAS DIGITAIS E PESQUISA: possibilidades metodológicas para investigações qualitativas,1/3/2018,1/7/2023,Expirado,FAPEMIG,"R$ 11.865,00",Alessandra Rodrigues,IFQ,Coordenador,610 FAPEPE-Prorrogado até 07/2023 conforme Termo Aditivo recebido da FAPEPE . Prorrogado até 07/2022 por falta de recurso financeiro - Projeto alterado para com financiamento externo considerando a aprovação do projeto do Edital de Demanda Universal FAPEMIG (Processo APQ-00239-18) [nota anterior 8.22]
700,Otimização das condições de usinagem em materiais endurecidos ,1/1/2018,30/5/2023,Expirado,FAPEMIG,"R$ 25.200,00",João Roberto Ferreira,IEPG,Coordenador,Arquivado - Relatório final entregue - Prorrogado até 05/2023 devido a atraso no repasse de recursos.
729,Sistema de baixo custo e alto rendimento para inspeção aérea e previsão de desastres,1/12/2018,17/5/2024,Vigente,FAPEMIG  ,"R$ 65.921,86",Alexandre Carlos Brandão Ramos,IMC,Coordenador,Prorrogado de ofício pela FAPEMIG até 05/2024 - Prorrogado em 07/2021 até 07/2022 ( prorrogação autorizada email 13/07/2022)- 584 FAPEPE – demanda Universal APQ 00234-18
731,Incorporação de previsões climáticas e hidrológicas na Gestão da Alocação no Rio São Francisco,1/12/2017,31/10/2023,Vigente,CAPES,"R$ 269.000,00",Benedito Cláudio da Silva,IRN,Coordenador,Prorrogado até 10/2023 conforme comunicação da CAPES
733,Relação entre a microfísica da fase mista das tempestades e as propriedades fésicas e elétricas dos relâmpagos ,1/2/2019,28/2/2023,Expirado,CNPq,"R$ 27.640,00",Enrique Vieira Mattos,IRN,Coordenador,Prorrogado em 02/2022 até 02/2023
735,Desenvolvimento Proteses para membros inferiores hibridas em impressão 3D ABS reforçadas com fibra de carbono/epóxi,1/12/2018,31/8/2023,Expirado,CNPq,"R$ 25.000,00",Guilherme Ferreira Gomes,IEM,Coordenador,Prorrogado até 08/2023 de acordo com Termo Aditivo do CNPq - Prorrogado até 28/02/2022 conforme comprovação apresentada( Plataforma Carlos Chagas - enviada em 15/07/2021)
736,Detecção de porosidade em materiais compósitos utilizando ondas ultrassônicas,1/2/2019,28/2/2023,Expirado,CNPq,"R$ 20.000,00",Paulo Pereira Junior,IEM,Coordenador,Prorrogado até 28/02/2023 de acordo com carta aditiva 
777,Desenvolvimento de um modelo simplificado de estimativa de radiação solar para aplicações em modelos de produtividade agricola ,18/12/2018,17/5/2024,Vigente,FAPEMIG,"R$ 69.678,00",Marcelo de Paula Corrêa,IRN ,Coordenador,"588 FAPEPE – Prorrogado pela FAPEMIG, segundo Conveniar, até 06/2023/Prorrogado até 17/05/2024"
779,Estudo de configurações centrais e soluções homográficas em mecânica celeste,1/11/2018,18/6/2024,Vigente,FAPEMIG  ,"R$ 32.025,00",Antonio Carlos Fernandes ,IMC ,Coordenador,585 FAPEPE - Prorrogado até 18/06/2024 de acordo com carta aditiva.
780,Configurações centrais em mecânica celeste,1/2/2019,28/2/2023,Expirado,CNPq ,"R$ 25.000,00",Antonio Carlos Fernandes ,IMC,Coordenador,Arquivado - Relatório final entregue - Prorrogado em 02/2022 até 02/2023
781,Detecção e Identificação de danos estruturais o por meio de inteligência computacional ,19/12/2018,18/12/2023,Vigente,FAPEMIG  ,"R$ 21.630,00",Guilherme Ferreira Gomes,IEM,Coordenador,"586 FAPEPE Prorrogado até dia 06/2023 ( Conveniar FAPEPE), Prorrogado por mais 06 meses conforme carta aditiva."
782,"Validação, otimização e usabilidade de simulação a eventos discretos aplicados na industria ",1/3/2018,17/5/2024,Vigente,FAPEMIG  ,"R$ 40.677,00",José Arnaldo Barra Montevechi,IEPG,Coordenador,Prorrogado de ofício pela FAPEMIG até 05/2024 - Prorrogado em 07/2021 até 07/2022 ( prorrogação autorizada email )- 584 FAPEPE – demanda Universal APQ 00234-18
783,Modelagem termodinâmica e experimentos críticos no sistema Ta-Ge-B,1/1/2019,18/6/2024,Vigente,FAPEMIG  ,"R$ 21.525,00",Antonio Augusto Araújo Pinto da Silva,IEM,Coordenador,Prorrogado de ofício pela FAPEMIG até 06/2024 590 FAPEPE
785,Caracterização das propriedades elétricas e físicas das tempestadesna região sudeste do Brasil ,1/12/2018,28/2/2023,Expirado,FAPEMIG  ,"R$ 24.743,25",Enrique Vieira Mattos,IRN,Coordenador,591 FAPEPE - Prorrogado pela DIP até 02/2023
790,Evolução química do disco e bojo de galáxias espirais,1/12/2018,18/5/2025,Vigente,FAPEMIG  ,"R$ 17.503,50",Oscar Cavichia de Moraes,IFQ,Coordenador,Prorrogado até 18/12/2022 de acordo com Carta Aditiva - Prorrogado até 18/05/2025 conforme carta aditiva recebida
791,Desenvolvimentoe aplicação de técnicas ultrassõnicas para inspeção de componentes mecânicos e caracterização de materiais,1/12/2018,17/3/2025,Vigente,FAPEMIG  ,"R$ 13.650,00",Paulo Pereira Junior,IEM,Coordenador,Prorrogado de ofício até 03/2025 em 01/2022 - 594 – FAPEPE
796,Otimização mecânica e acústica de um ventilador sem pás utilizando análises numérica e experimental,1/1/2019,28/3/2026,Vigente,FAPEMIG,"R$ 23.100,00 ",Jesús Antonio García Sánchez,IEM,Coordenador,Prorrogado até 28/03/2026 de acordo com Carta Aditiva - 623 FAPEPE
804,Um sistema de apoio a diagnóstico de TEA baseado em imagens de ressonância magnética e aprendizado de máquina,1/12/2018,1/7/2024,Vigente,FAPEMIG,"R$ 70.323,00","Guilherme Sousa Bastos
",IESTI,Coordenador,"598 FAPEPE – Prorrogado pela FAPEMIG, segundo Conveniar, até 07/2024"
806,Otimização das condições de usinagem em aços ligas especiais ,1/3/2019,1/2/2023,Expirado,CNPq,"R$ 110.400,00",João Roberto Ferreira,IEPG,Coordenador,Arquivado - Relatório final entregue
833,PET- Programa de educação tutorial conexões de saberes: formação de professores em ciências exatas,1/3/2013,1/3/2050,Vigente,CAPES- FNDE,"R$ 9.600,00",Agenor Pina da Silva,IFQ,Coordenador,
838,Programa de Educação Tutorial - PET Engenharia Mecânica,1/9/2019,1/5/2024,Vigente,MEC/ FNDE,,Sebastião Simões da Cunha JR,IEM,Coordenador,
840,Pesquisa e Desenvolvimento de Um Sistema Integrado de Aquisição de Sinais de EEG,1/10/2019,10/4/2024,Vigente,FAPEMIG,"R$ 50.400,00",Tales Cleber Pimenta,IESTI,Coordenador,Prorrogado até 10/04/2024 conforme carta aditiva - 656 FAPEPE
842,Diseño aerodinámico de una turbina eólica de eje vertical de baja potencia para aplicaciones en una región con importante potencial eólico en Boyacá,1/1/2020,31/3/2024,Vigente,Universidad Santo Tomás - Seccional Tunja - Colômbia,"R$ 643.000,00", Angie Lizeth Espinosa Sarmiento,IEM,Coordenador,prorrogado de 01/01/2021 para 01/03/2022 em 28/05/2020. Prorrogado até 03/2024 em 09/2021.
PIDI52-2019,"Conhecimento Especializado mobilizado por futuros professores na elaboração e implementação de propostas de ensino para a educação básica
",1/3/2020,28/2/2023,Expirado,Não possui ,,"
ELIANE MATESCO CRISTOVAO",IMC,Coordenador,Arquivado - Relatório final entregue e aprovado - Projeto prorrogado a pedido da coordenadora.
PIDI60-2019,"SISTEMA DE INFORMAÇÃO GERENCIAL PARA APURAÇÃO DE CUSTOS DAS INSTITUIÇÕES FEDERAIS DE ENSINO SUPERIOR (IFES)
",1/3/2020,28/2/2023,Expirado,Não possui ,,"
ELIZABETE RIBEIRO SANCHES DA SILVA",IMC,Coordenador,Arquivado - Relatório final entregue - Prorrogado até 28/02/2023
PIDI49-2019,"FATORES QUE INFLUENCIAM O ACESSO DE MULHERES AO ENSINO SUPERIOR EM ÁREAS DE STEM (SCIENCE, TECHNOLOGY, ENGINEERING AND MATHEMATICS) NO BRASIL
",1/3/2020,28/2/2023,Expirado,Não possui ,,"
MARIANA FEITEIRO CAVALARI SILVA",IMC,Coordenador,Arquivado - Relatório final entregue - Prorrogado em 10/2021 para 02/2023
PIDI59-2019,Lugares Incendiários: imagens e distopias contemporâneas,1/3/2020,28/2/2023,Expirado,Não possui ,,PAULO CEZAR NUNES JUNIOR,IFQ,Coordenador,Prorrogado em 09/2021 até 02/2023
PIDI23-2019,"Estratégias para determinação e remoção de contaminantes emergentes em matrizes aquosas utilizando princípios da química verde
",1/3/2020,28/2/2023,Expirado,Não possui ,,Sandro José de Andrade,IFQ,Coordenador,Arquivado - Relatório final entregu e aprovado - Prorrogado em 03/2022 até 02/2023
PIDI100-2020,"Levantamento de características e formas de tratamento de efluentes industriais brasileiros
",1/8/2020,30/7/2023,Expirado,Não possui ,,André Aguiar Mendes,IRN,Coordenador,Prorrogado até 07/2023
PIDI72-2020,Materiais lamelares intercalados/funcionalizados com moléculas orgânicas para a produção de sensores químicos.,1/8/2020,30/7/2023,Expirado,Não possui ,,Fábio da Silva Lisboa,IFQ,Coordenador,Prorrogado em 06/2022 até 07/2023
PIDI85-2020,"Análise de viabilidade para desenvolvimento de arquitetura neuromórfica de baixa potência visando a implementação de um controlador MPPT para célula solar fotovoltaica em um sistema de energy harvesting.
",1/8/2020,30/7/2023,Expirado,Não possui ,,"
GABRIEL ANTONIO FANELLI DE SOUZA",IESTI,Coordenador,Prorrogado até 07/2023
PIDI75-2020,"Síntese e Caracterização de Sistemas Azólicos com Potencial Atividade Tripanocida
",1/8/2020,30/7/2023,Expirado,Não possui ,,Maurício Silva dos Santos,IFQ,Coordenador,Prorrogado até 07/2023
PVDI81-2020,"Estudo da viabilidade da união de processos para tratamento de efluentes
",1/8/2020,30/7/2023,Expirado,Não possui ,,Milady Renata Apolinário da Silva,IFQ,Coordenador,Prorrogado até 07/2023
PIDI103-2020,"Metodologias Ativas na Educação em Ciências da Natureza e Matemática
",1/8/2020,30/7/2023,Expirado,Não possui ,,"
NEWTON DE FIGUEIREDO FILHO",IFQ,Coordenador,Prorrogado até 07/2023
PVDI33-2019,"Estudo Teórico-Experimental em Transferência de Calor com Ênfase no Desenvolvimento de Técnicas de Problemas Inversos
",1/1/2019,17/6/2025,Vigente,FAPEMIG,"R$ 50.610,00 ",Sandro Metrevelle Marcondes de Lima e Silva,IEM,Coordenador,Prorrogado de ofício pela FAPEMIG até 06/2025
PVDI113-2020,"PET: Formação de Professores em Ciências Exatas
",1/8/2020,31/12/2023,Vigente,CAPES," R$ 108.000,00  ","
AGENOR PINA DA SILVA",IFQ,Coordenador,
PVDI120-2020,"Derivadores Rastreados por Satélite e Monitoramento Automático de Parâmetros Ambientais Aplicados ao Entendimento da Contribuição dos Afluentes para o Restabelecimento do Rio Doce
",1/11/2020,31/12/2025,Vigente,FAPEMIG,"R$ 943.558,31 ","
ARCILAN TREVENZOLI ASSIREU",IRN,Coordenador,
PVDI105-2020,"Biocombustíveis a partir de resíduos: combustão, energia e ciclos não convencionais
",1/3/2020,31/3/2024,Vigente,CNPq,"R$ 105.600,00 ","
CHRISTIAN JEREMI CORONADO RODRIGUEZ",IFQ,Coordenador,
PVDI108-2020,"Um novo catálogo de aglomerados abertos na era GAIA
",1/1/2020,31/1/2023,Expirado,CNPq," R$ 39.600,00  ",HEKTOR STHENOS ALVES MONTEIRO,IFQ,Coordenador,Arquivado - Relatório final entregue
PVDI107-2020,"MODELOS INTERDISCIPLINARES DE APOIO À DECISÃO PARA A CONSTRUÇÃO DA MOBILIDADE URBANA SUSTENTÁVEL
",1/3/2020,28/2/2023,Expirado,CNPq," R$ 39.600,00  ","
JOSIANE PALMA LIMA",IEPG,Coordenador,Arquivado - Relatório final entregue
PVDI106-2020,"LOGÍSTICA, TRANSPORTES E SUSTENTABILIDADE NO CONTEXTO DO GREEN SUPPLY CHAIN MANAGEMENT
",1/3/2020,28/2/2023,Expirado,CNPq," R$ 39.600,00  ",Renato da Silva Lima,IEPG,Coordenador, Arquivado - Relatorio Final entregue 
PVDI109-2020,"Flutuações quânticas do vácuo
",1/3/2020,28/2/2023,Expirado,CNPq," R$ 39.600,00  ","
VITORIO ALBERTO DE LORENCI",IFQ,Coordenador,
PIDI91-2018 ,Desenvolvimento de Próteses Híbridas para Membros Inferiores com Reforços 3D ,1/3/2018,18/6/2025,Vigente,FAPEMIG,"R$ 59.220,00 ",ANTONIO CARLOS ANCELOTTI JUNIOR ,IEM,Coordenador,Prorrogado de ofício pela FAPEMIG até 06/2025
PVDI119-2018 ,Umbílicos em Superfícies Convexas e Injetividade Global ,18/12/2018,17/3/2025,Vigente,FAPEMIG,"R$ 43.614,90 ",Luis Fernando de Osório Mello,IMC,Coordenador,600 FAPEPE
PIA5-2017 ,Computação Científica para obtenção de parametros fundamentais de aglomerados abertos ,1/11/2017,23/5/2023,Expirado,FAPEMIG,"R$ 46.200,00 ",Hektor Sthenos Alves Monteiro,IFQ,Coordenador,Arquivado - Relatório final entregue
PIDI68-2017 ,Desenvolvimento e integração entre os processos síntese de metanol e MTO (methanol-to-olefins) em microescala usando fluidodinâmica computacional ,1/11/2017,15/5/2025,Vigente,FAPEMIG,"R$ 33.445,45 ",Maximilian Joachim Hodapp,IRN,Coordenador,726 FAPEPE – Prorrogado até 15/05/2025 de acordo com Termo Aditivo enviado
PIDI112-2020,Monitoramento espectral para estimativa das condições hídricas de áreas cafeeiras ,1/2/2020,31/1/2024,Vigente,EMBRAPA,"R$ 3.120.274,85",VANESSA CRISTINA OLIVEIRA DE SOUZA ,IMC,Coordenador Local,
PVDI127-2017 ,Fluidos magnetoreológicos dilatantes ,1/11/2017,20/5/2024,Vigente,FAPEMIG,"R$ 26.553,89",Antonio José Faria Bombard,IFQ,Coordenador,Prorrogado até 20/05/2024 conforme carta aditiva
PVDI129-2021,"Estudo experimental da tecnologia dual-fuel em motores de ignição por compressão utilizando diesel renovável (HVO/Farnesano) com etanol, hidrogênio ou biogás",20/1/2021,20/1/2023,Expirado, FUNDEP,"R$ 757.171,80",CHRISTIAN JEREMI CORONADO RODRIGUEZ,IEM,Coordenador,Arquivado - Relatório final entregue
PVDI128-2021,"Teoria Qualitativa das Equações Diferenciais, Mecânica Celeste e Conjectura Jacobiana",1/3/2021,28/2/2025,Vigente,CNPq,"R$ 105.600,00",Luis Fernando de Osório Mello,IMC,Coordenador,
PVDI130-2021,Análise Numérica e Experimental em Transferência de Calor e Aplicações em Problemas Inversos,1/3/2021,29/2/2024,Vigente,CNPq,"R$ 39.600,00",Sandro Metrevelle Marcondes de Lima e Silva,IEM,Coordenador,
PVDI149-2021,Visão Integrada de Redes Elétricas Inteligentes e Controle de Fotovoltaicas,26/3/2021,26/3/2023,Expirado,FAPEMIG,"R$ 50.400,00",PAULO FERNANDO RIBEIRO,ISEE,Coordenador,
PVDI194-2021,Otimização via Simulação por Metamodelagem: uma Nova Abordagem Utilizando Machine Learning,1/3/2021,1/3/2024,Vigente,CNPq,"R$ 39.600,00",Rafael de Carvalho Miranda,IEPG,Coordenador,
PVDI196-2021,Metodologia de Projeto do Lean Office para Instituição de Ensino Superior Federal,20/5/2021,19/5/2023,Expirado,FAPEMIG,"R$ 24.000,00",Carlos Eduardo Sanches da Silva,IEPG,Coordenador,
PVDI181-2021,Ciclos Limites em Sistemas Suaves por Partes,1/8/2021,31/7/2023,Expirado,,,DENIS DE CARVALHO BRAGA,IMC,Coordenador,
PIDI163-2021,"Desenvolvendo o raciocínio matemático, a comunicação e a conexão de conteúdos, através da Resolução de Problemas e Tarefas de Exploração",1/8/2021,31/7/2023,Expirado,,,Flávia Sueli Fabiani Marcatto,IMC,Coordenador,
PVDI187-2021,Combinação de modelos de aprendizado de máquina no estudo de dados da COVID-19.,1/8/2021,31/7/2023,Expirado,,,ISABELA NEVES DRUMMOND,IMC,Coordenador,
PIDI137-2021,Estudo da integral de Itô e sistemas dinâmicos aleatórios,1/8/2021,31/7/2023,Expirado,,,JACSON SIMSEN,IMC,Coordenador,
PVDI145-2021,Espaços-tempos com Simetria Espacial Intrínseca II,1/8/2021,31/7/2024,Vigente,,,Leandro Gustavo Gomes,IMC,Coordenador,Prorrogado até 07/2024
PIDI143-2021,Trade-offs entre Decisões Arquiteturais para Sistemas-de-Sistemas: Evidências Empíricas,1/8/2021,31/7/2023,Expirado,,,LINA MARIA GARCES RODRIGUEZ,IMC,Coordenador,
PVDI180-2021,Configurações Centrais do Problema de N Corpos Simétricas por Reflexão,1/8/2021,31/7/2024,Vigente,,,LUCAS RUIZ DOS SANTOS,IMC,Coordenador,Prorrogado até 31/07/2024
PIDI152-2021,FUNÇÕES CONVEXAS E APLICAÇÕES,1/8/2021,31/7/2023,Expirado,,,MARCIA SAYURI KASHIMOTO,IMC,Coordenador,
PIDI140-2021,Inclusões Diferenciais Envolvendo o Operador p(x)-Laplaciano,1/8/2021,31/7/2023,Expirado,,,Mariza Stefanello Simsen,IMC,Coordenador,
PIDI150-2021,Invariantes Topológicos da Ferradura Rotacional,1/8/2021,31/7/2023,Expirado,,,Bráulio Augusto Garcia,IMC,Coordenador,
PVDI154-2021,Simulação Numérico-Computacional da Dissipação de Esteiras de Aeronaves Próximas do Solo Utilizando o Método de Vórtices Discretos com Modelagem de Rugosidade Superficial,1/8/2021,31/7/2023,Expirado,,,Luiz Antonio Alcântara Pereira,IEM,Coordenador,Arquivado - relatorio final entregue 
PIDI191-2021,USO DE GÁS NATURAL NA GERAÇÃO DE ENERGIA ELÉTRICA E SUA IMPORTÂNCIA NA SEGURANÇA E NA TRANSIÇÃO ENERGÉTICA,1/8/2021,31/7/2023,Expirado,,,Rogério José da Silva,IEM,Coordenador,
PIDI139-2021,Inteligência Artificial Aplicada ao Processamento de Sinais Cardíacos,1/8/2021,31/7/2023,Expirado,,,João Paulo Reus Rodrigues Leite,IESTI,Coordenador,
PVDI179-2021,ESTUDO DE MÉTODOS DE EXTRAÇÃO/RECUPERAÇÃO DE ENERGIA DE SISTEMA FOTOVOLTAICO SOMBREADO OU EM DESEQUILÍBRIO,1/8/2021,31/7/2024,Vigente,,,ENIO ROBERTO RIBEIRO,IESTI,Coordenador,Prorrogado até 31/07/2024
PVDI144-2021,"Modelagem do comportamento de motoristas, por meio de dados gerados por telemetria.",1/8/2021,31/7/2023,Expirado,,,BRUNO TARDIOLE KUEHNE,IESTI,Coordenador,
PVDI186-2021,Desenvolvimento de Carregador Rápido para Veículos Elétricos,1/8/2021,31/7/2023,Expirado,,,ROBSON BAUWELZ GONZATTI,IESTI,Coordenador,
PVDI165-2021,Ferramentas de aprendizado de máquina em gravitação,1/8/2021,31/7/2023,Expirado,,,ALAN BENDASOLI PAVAN,IFQ,Coordenador,
PVDI155-2021,Fabricação e caracterização elétrica e óptica de heteroestruturas baseadas e silício poroso visando aplicações como sensores e fotocélulas,1/8/2021,31/7/2023,Expirado,,,Danilo Roque Huanca,IFQ,Coordenador,
PVDI142-2021,Modelos análogos para ondas gravitacionais em materiais não-lineares,1/8/2021,31/7/2023,Expirado,,,Eduardo Henrique Silva Bittencourt ,IFQ,Coordenador,
PIDI147-2021,Produção de estudos de caso em História da Ciência para o Ensino de Química,1/8/2021,31/7/2024,Vigente,,,EVANDRO FORTES ROZENTALSKI,IFQ,Coordenador,Prorrogado até 07/2024
PVDI185-2021,UTILIZAÇÃO DE AGENTES COMPLEXANTES PARA EXTRAÇÃO DE METAIS EM ÓLEO ISOLANTE,1/8/2021,31/7/2023,Expirado,,,FLÁVIO SOARES SILVA,IFQ,Coordenador,
PVDI184-2021,Análise das sequências didáticas produzidas no âmbito do projeto de extensão Tecnologias Emergentes.,1/8/2021,31/7/2023,Expirado,,,JULIANA MARIA SAMPAIO FURLANI,IFQ,Coordenador,
PIDI189-2021,ESTUDO DA TERMINOLOGIA DO DISCURSO DA INOVAÇÃO TECNOLÓGICA,1/8/2021,31/7/2023,Expirado,,,Márcia de Souza de Luz Freitas ,IFQ,Coordenador,
PVDI197-2021,Projeções das principais variáveis atmosféricas na caracterização dos expossomas brasileiros: o câncer de pele além da radiação ultravioleta,1/4/2021,31/3/2024,Vigente,CNPq,"R$ 39.600,00",Marcelo de Paula Corrêa,IRN,Coordenador,
PVDI166-2021,Utilização da Data Science em problemas de Engenharia de Produção,1/8/2021,31/7/2023,Expirado,,,ALEXANDRE FERREIRA DE PINHO,IEPG,Coordenador,
PVDI161-2021,"EDUCAÇÃO FINANCEIRA EM UM INSTITUTO FEDERAL DE EDUCAÇÃO, CIÊNCIA E TECNOLOGIA: CONHECIMENTO FINANCEIRO E SUA CORRELAÇÃO COM OS CINCO GRANDES FATORES DE PERSONALIDADE DA COMUNIDADE ACADÊMICA",1/8/2021,31/7/2023,Expirado,,,André Luiz Medeiros,IEPG,Coordenador,
PIDI160-2021,Edital DIP 001/2021 - Seleção de Projeto de Pesquisa Científica sem Financiamento Externo para Registro,1/8/2021,31/7/2023,Expirado,,,FABIO FAVARETTO,IEPG,Coordenador,
PVDI136-2021,Desempenho sustentável da cadeia de suprimentos “fashion circular”: Um estudo multi-metodológico,1/8/2021,31/7/2023,Expirado,,,JENIFFER DE NADAE,IEPG,Coordenador,
PVDI157-2021,"Utilização da simulação computacional no planejamento e implantação dos conceitos e ferramentas enxutas em ambientes manufatureiros, administrativos e hospitalares",1/8/2021,31/7/2023,Expirado,,,JOSE ANTONIO DE QUEIROZ,IEPG,Coordenador,
PIDI164-2021,Análise do Canteiro de Obras como um Sistema de Produção Dinâmico Não-Linear,1/8/2021,31/7/2023,Expirado,,,ANDRE LUIZ VIVAN,IRN,Coordenador,
PVDI148-2021,TELHADOS VERDES NOS TRÓPICOS,1/8/2021,31/7/2023,Expirado,,,HERLANE COSTA CALHEIROS,IRN,Coordenador,
PVDI173-2021,Análise da eficiência da valorização de biomassa de resíduos agroindustriais para bioenergia utilizando secador de leito fluidizado,1/8/2021,31/7/2024,Vigente,,,HUGO PERAZZINI,IRN,Coordenador,Prorrogado até 31/07/2024
PVDI174-2021,UTILIZAÇÃO DE ENERGIA SOLAR PARA O TRATAMENTO E APROVEITAMENTO DE RESÍDUOS AGROINDUSTRIAIS COMO BIOMASSA PARA BIONERGIA,1/8/2021,31/7/2024,Vigente,,,Maisa Tonon Bitti Perazzini,IRN,Coordenador,Prorrogado até 31/07/2024
PVDI192-2021,"Inventário de feições erosivas e monitoramento de sua evolução em imagens de satélite CBERS 4A, LANDSAT 8 e Sentinel-2.",1/8/2021,31/7/2023,Expirado,,,Nívea Adriana Dias Pons,IRN,Coordenador,
PVDI151-2021,Estudo da arquitetura radicular de braquiária (Urochloa spp.) submetida à inoculação com rizobactérias promotoras de crescimento,1/8/2021,31/7/2023,Expirado,,,ROGERIO MELLONI,IRN,Coordenador,
PIDI188-2021,Estudo da abordagem multiescala para o mapeamento de mudanças no uso e cobertura do solo e associações com o depleciamento de recursos naturais,1/8/2021,31/7/2024,Vigente,,,Samara Calçado de Azevedo,IRN,Coordenador,Prorrogado até 07/2024
PIDI135-2021,Estudo de compósitos cimentícios autoadensáveis produzidos com materiais alternativos,1/8/2021,31/7/2024,Vigente,,,Valquíria Claret dos Santos,IRN,Coordenador,Prorrogado até 07/2024
PVDI177-2021,Aplicação de Técnicas Meta-heurísticas para a Alocação Ótima de Equipamentos FACTS em Sistemas Elétricos de Potência,1/8/2021,31/7/2024,Vigente,,,CAMILA PAES SALOMON,ISEE,Coordenador,Prorrogado até 07/2024
PIDI158-2021,Desenvolvimento e validação de algoritmos básicos de Proteção de Sistemas Elétricos de Potência no RTDS para implementação em Sistemas Centralizados de Proteção e Controle de uma Subestação 4.0,1/8/2021,31/7/2023,Expirado,,,CARLOS ALBERTO VILLEGAS GUERRERO,ISEE,Coordenador,
PVDI178-2021,Análise de impactos da inserção de recursos distribuídos no sistema elétrico,1/8/2021,31/7/2023,Expirado,,,Cláudia Eliane da Matta,ISEE,Coordenador,
PVDI168-2021,AVALIAÇÃO DA ISOLAÇÃO DE TRANSFORMADORES ATRAVÉS MEDIÇÃO DE DESCARGAS PARCIAIS E TANGENTE DE DELTA,1/8/2021,31/7/2023,Expirado,,,GUSTAVO PAIVA LOPES,ISEE,Coordenador,
PVDI138-2021,A SUSTENTABILIDADE NA UNIVERSIDADE FEDERAL DE ITAJUBÁ: O QUE TEM SIDO FEITO E O QUE SE PODE FAZER?,1/8/2021,31/7/2023,Expirado,,,MARIA RITA RAIMUNDO E ALMEIDA,IRN,Coordenador,
PVDI170-2021,Modelagem e simulação por fluidodinâmica computacional da transformação de metanol para olefinas em microreatores bifásicos contínuos com desativação do catalisador.,1/8/2021,31/7/2023,Expirado,,,MAXIMILIAN JOACHIM HODAPP,IRN,Coordenador,
PVDI153-2021 ,"Caraterização microestrutural de ligas de Alta Entropia a base de (Fe,Cr)MoNb(Ti,Zr)WAlx (x<0.01) obtidas pelo processo de moagem de alta energia ",1/8/2021,31/7/2023,Expirado,,,Antonio Augusto Araújo Pinto da Silva,IEM,Coordenador,
PVDI198-2021,Módulos termoelétricos cerâmicos: Aprimoramento da conversão de calor residual em energia elétrica,1/3/2021,28/2/2024,Expirado,CNPq,"R$ 39.600,00",Maria Virgínia Gelfuso,IEM,Coordenador,
PIDI199-2019,IMPACTO DA INFESTAÇÃO DE “LIMNOPERNA FORTUNEI” NA MICRO GERAÇÃO HIDRELÉTRICA BRASILEIRA - PQ - CNPq,1/3/2019,28/2/2023,Expirado,CNPq,"R$ 120.000,00",CARLOS BARREIRA MARTINEZ,IEM,Coordenador,Arquivado - Relatório final entregue
PIDI200-2021,OBTENÇÃO E APLICAÇÃO DE SISTEMAS COM PROPRIEDADES CRÔMICAS BASEADOS EM ESPIROPIRANOS,1/3/2021,29/2/2024,Vigente,CNPq,"R$ 39.600,00",Frederico Barros de Sousa,IFQ,Coordenador,
PVDI202-2021,Plataforma de Previsão de Vazões na Bacia do Rio Paraíba do Sul como Suporte à Prevenção de Inundações,12/4/2021,11/12/2024,Vigente,AGEVAP,"R$ 21.739,13",Vanessa Silveira Barreto Carvalho,IRN,Coordenador,
PVDI201-2021,Monitoramento de processos e Inspeção por amostragm,1/3/2021,28/2/2026,Vigente,CNPq,"R$ 39.600,00",ANTONIO FERNANDO BRANCO COSTA,IEPG,Coordenador,
PVDI218-2021 ,Utilização da Simulação Baseada em Agentes (SBA) combinada a Simulação a Eventos Discretos (SED) para o sequenciamento da produção de Sistemas Job Shop Flexíveis ,4/11/2021,8/10/2024,Vigente,FAPEMIG,"R$ 36.623,00",ALEXANDRE FERREIRA DE PINHO ,IEPG,Coordenador,
PVDI207-2021 ,Valorização de resíduo do processamento da cana-de-açúcar pela utilização da hemicelulose para a produção integrada de bioetanol no contexto de biorrefinaria por diferentes abordagens ,1/10/2021,30/9/2024,Vigente,FAPEMIG,"R$ 21.528,60",THAIS SUZANE MILESSI ESTEVES ,IRN,Coordenador,
PVDI215-2022 ,Aproveitamento Eficiente do Bagaço de Malte Utilizando Secador Solar ,1/1/2022,31/12/2023,Vigente,FAPEMIG,"R$ 7.408,94",Maisa Tonon Bitti Perazzini,IRN,Coordenador,
PIDI219-2021 ,"Estudo, Caracterização e otimização de materiais orgânicos que apresentam Fluorescência Atrasada Ativada Termicamente e Fofotoluminêscencia de Longa Duração ",9/11/2021,8/11/2024,Vigente,FAPEMIG,"R$ 9.000,00",ROBERTO SHIGUERU NOBUYASU JUNIOR ,IFQ,Coordenador,
PIDI203-2021 ,CRIAÇÃO DE PROGRAMA DE BOLSAS DE INICIAÇÃO CIENTÍFICA E DESENVOLVIMENTO TECNOLÓGICO E INOVAÇÃO DO INSTITUTO DE FÍSICA E QUÍMICA ,9/9/2021,8/9/2023,Expirado,UNIFEI IFQ,"R$ 28.800,00",MARCELOS LIMA PERES ,IFQ,Coordenador,
PVDI206-2021 ,Aumento da Segurança e Desempenho de ARPs em Relação ao Controle de Voo ,22/10/2021,21/10/2024,Vigente,FAPEMIG,"R$ 28.971,34",Yohan Alí Díaz Méndez  ,IEM,Coordenador,
PVDI209-2021,LOGÍSTICA E TRANSPORTES NO CONTEXTO DO GREEN SUPPLY CHAIN MANAGEMENT E ECONOMIA CIRCULAR,1/7/2021,30/6/2024,Vigente,FAPEMIG,"R$ 36.331,18",RENATO DA SILVA LIMA,IEPG,Coordenador,
PVDI208-2021,Simulação e otimização de Sistemas Híbridos Isolados de Geração de Energia Elétrica com base em Energias Renováveis,1/11/2021,31/10/2023,Vigente,FAPEMIG,"R$ 32.760,00",Diego Mauricio Yepes Maya,IEM,Coordenador,
PVDI212-2021,Avaliação Do Desempenho De Um Sistema Híbrido De Painel Fotovoltaico E Bomba De Calor Para Aquecimento De Água Aproveitando A Irradiação Solar No Estado De Minas Gerais,15/11/2021,16/10/2023,Vigente,FAPEMIG,"R$ 27.560,00",JUAN JOSE GARCIA PABON,IEM,Coordenador,
PIDI211-2021,Efeito da temperatura e do campo magnético sobre o comportamento dinâmico de vigas sanduíche com núcleo colmeia preenchida por elastômero magneto reológico,27/10/2021,27/10/2024,Vigente,FAPEMIG,"R$ 20.848,44",Felipe de Souza Eloy,IEM,Coordenador,
PVDI216-2021,Mercados de Eletricidade Inteligentes: Modelagem Técnica-Econômica e Regulatória,1/12/2021,30/11/2024,Vigente,FAPEMIG,"R$ 45.460,00",BENEDITO DONIZETI BONATTO,ISEE,Coordenador,
PIDI224-2021,Atividades experimentais e laboratórios remotos: possibilidades e potencialidades para o Ensino de Ciências,11/11/2021,10/11/2023,Vigente,FAPEMIG,"R$ 38.091,66",THIAGO COSTA CAETANO,IFQ,Coordenador,
PVDI223-2021,Inclusões Diferenciais Envolvendo o Operador p(x)-Laplaciano,16/11/2021,16/11/2023,Vigente,FAPEMIG,"R$ 14.270,00",MARIZA STEFANELLO SIMSEN,IMC,Coordenador,
PVDI225-2021,SISTEMAS DINÂMICOS NÃO-LINEARES DE DIMENSÃO INFINITA,12/11/2021,12/11/2024,Vigente,FAPEMIG,"R$ 15.478,12",JACSON SIMSEN,IMC,Coordenador,
PVDI222-2021,Sistema de Alerta de Inundações em Bacias Hidrográficas de Pequenas Escala sob Influência de Expansão Urbana,11/11/2021,10/11/2024,Vigente,FAPEMIG,"R$ 65.860,00",Benedito Cláudio da Silva,IRN,Coordenador,
PVDI214-2022,Valorização de resíduos agroindustriais de açaí como biomassa para bioenergia: estudo da secagem por leito fluidizado,17/12/2021,17/12/2023,Vigente,FAPEMIG,"R$ 7.058,75",HUGO PERAZZINI,IRN,Coordenador,
PVDI228-2022,Aprendizagem ativa crítica no ensino da disciplina equações diferenciais,1/3/2022,28/2/2025,Vigente,CNPq,"R$ 39.600,00",Fabrina Bolzan Martins,IRN,Coordenador,
PVDI230-2022,"A Educação em Ciências e os Processos de Significação sobre a Temática Ambiental: um estudo a partir de parcerias entre escolas, empresas e setores organizados da sociedade civil",1/3/2022,28/2/2025,Vigente,CNPq,"R$ 39.600,00",Luciano Fernandes Silva,IFQ,Coordenador,
PIDI241-2022,Desenvolvimento de sistemas fotocrômicos e suas aplicações para o sensoriamento,2/1/2022,1/1/2025,Vigente,FAPEMIG,"R$ 73.140,00",Frederico Barros de Sousa,IFQ,Coordenador,
PVDI240-2021,Melhoramento do potencial energético de biogás da (co)digestão anaeróbia de resíduos sólidos orgânicos como incentivo às fontes renováveis de energias: pré-tratamento do substrato e co(digestão) visando ao aproveitamento do hidrogênio,21/12/2021,21/12/2024,Vigente,FAPEMIG,"R$ 50.370,27",REGINA MAMBELI BARROS,IRN,Coordenador,
PVDI231-2022,Valorização energética de biomassa residual para precursores de alto valor energético,16/3/2022,31/3/2025,Vigente,CNPq,"R$ 62.400,00",Diego Mauricio Yepes Maya,IEM,Coordenador,
PVDI243-2021,DETERMINAÇÃO DE PARÂMETROS DE AGLOMERADOS ABERTOS COM DADOS DO SATÉLITE GAIA,1/3/2021,28/2/2024,Vigente,CNPq,"R$ 39.600,00",WILTON DA SILVA DIAS,IFQ,Coordenador,
PVDI226-2022,Experimentos de Física controlados remotamente como proposta para uma aprendizagem significativa,1/3/2022,28/2/2025,Vigente,CNPq,"R$ 33.200,00",Mikael Frank Rezende Junior,IFQ,Coordenador,
PVDI254-2022,Técnicas de Inteligência Artiﬁcial Aplicadas na Análise de Estabilidade de Tensão em Sistemas Elétricos de Potência com Redes Inteligentes,13/3/2022,11/4/2024,Vigente,FAPEMIG,"R$ 50.400,00",BENEDITO ISAIAS LIMA FULY,,Coordenador,
,Sistema hidro-eletro-mecânico de identificação de infestação de L. fortunei (mexilhão dourado) na sucção de bombas centrifugas - “EDITAL 002/2018 - PROGRAMA PESQUISADOR MINEIRO - PPM XII” - “EDITAL 002/2018 - PROGRAMA PESQUISADOR MINEIRO - PPM XII”,28/3/2022,28/3/2024,Vigente,FAPEMIG,"R$ 24.000,00",CARLOS BARREIRA MARTINEZ,IEPG,Coordenador,
PVDI295-2019,DETERMINAÇÃO DOS PARÂMETROS DE CÉLULAS SOLARES: UMA NOVA ABORDAGEM DE AJUSTES PELO MÉTODO DE OTIMIZAÇÃO GLOBAL,16/10/2019,15/5/2025,Vigente,FAPEMIG,"R$ 28.045,50",Adhimar Flávio Oliveira,IFQ,Coordenador,Prorrogado até 15/05/2025 
PIDI296-2022,Efeitos de vácuo quântico na presença de fontes de campo e potenciais externos,1/3/2022,28/2/2025,Vigente,CNPq,"R$ 39.600,00",Fabricio Augusto Barone Rangel,IFQ,Coordenador,
PVDI297-2022,Análise numérica e experimental de microgeradores eólicos para aplicações em regiões remotas no Brasil,1/7/2022,28/2/2025,Vigente,FAPEMIG,"R$ 39.999,50",ANGIE LIZETH ESPINOSA SARMIENTO,IEM,Coordenador,
PVDI257-2022,Aprimoramento de Cerâmicas Termoelétricas para Conversão de Energia,1/8/2022,31/7/2024,Vigente,,,Daniel Thomazini,IEM,Coordenador,
PVDI285-2022,Produção de compósito cimentício com diferentes adições de óxido de grafeno,1/8/2022,31/7/2024,Vigente,,,GEOVANI RODRIGUES,IEM,Coordenador,
PVDI284-2022,"Metamateriais Elastodinâmicos Projetados para a Atenuação de Vibrações em Estruturas Civis, Mecânicas e Aeronáuticas",1/8/2022,31/7/2024,Vigente,,,Jesús Antonio García Sánchez,IEM,Coordenador,
PIDI270-2022,Avaliação de compósitos de fios trançados submetidos à fadiga torcional,1/8/2022,31/7/2024,Vigente,,,RENATA NEVES PENHA,IEM,Coordenador,
PIDI279-2022,Desenvolvimento de recursos baseados na tecnologia da realidade virtual para formação de alunos dos cursos de engenharia,1/8/2022,31/7/2024,Vigente,,,DENISE RANSOLIN SORANSO,IEPG,Coordenador,
PVDI238-2022,"Recomendações e demonstrações de práticas para melhoria da compreensibilidade, validade e aplicabilidade da modelagem de processos de negócio",1/8/2022,31/7/2024,Vigente,,,FABIANO LEAL,IEPG,Coordenador,
PIDI250-2022,Avaliação de Usabilidade de Sistemas,1/8/2022,31/7/2024,Vigente,,,ANA PAULA SIQUEIRA SILVA DE ALMEIDA,IESTI,Coordenador,
PVDI275-2022,Framework para armazenamento orientados a colunas,1/8/2022,31/7/2024,Vigente,,,ENZO SERAPHIM,IESTI,Coordenador,
PVDI277-2022,Cibersegurança e análise de vulnerabilidades em dispositivos IoT,1/8/2022,31/7/2024,Vigente,,,OTÁVIO DE SOUZA MARTINS GOMES,IESTI,Coordenador,
PVDI259-2022,Aplicação de Workflows Científicos no contexto de Continuum of Computing,1/8/2022,31/7/2024,Vigente,,,EDVARD MARTINS DE OLIVEIRA,IESTI,Coordenador,
PVDI255-2022,"Análise das potencialidades e fragilidades socioambientais em Unidades de Conservação na Mata Atlântica: uso público, indicadores de gestão, percepção ambiental e conflitos.",1/8/2022,31/7/2024,Vigente,,,DANIELA ROCHA TEIXEIRA RIONDET COSTA,IRN,Coordenador,
PIDI290-2022,USO DA ALPORQUIA NA PROPAGAÇÃO DE ESPÉCIES PARA A RECUPERAÇÃO DE ÁREAS DEGRADADAS,1/8/2022,31/7/2024,Vigente,,,HISAIAS DE SOUZA ALMEIDA,IRN,Coordenador,
PIDI268-2022,Avaliação do potencial energético e viabilidade financeira da instalação de turbinas hidrocinéticas em rios do norte do Brasil,1/8/2022,31/7/2024,Vigente,,,IVAN FELIPE SILVA DOS SANTOS,IRN,Coordenador,
PVDI252-2022,"NEGACIONISMO, EDUCAÇÃO EM CIÊNCIAS E ATUAÇÃO DOCENTE: INVESTIGANDO COMPREENSÕES DE PROFESSORES DE CIÊNCIAS E BIOLOGIA",1/8/2022,31/7/2024,Vigente,,,JANAINA ROBERTA DOS SANTOS,IRN,Coordenador,
PIDI269-2022,Projeto de conforto acústico usando Metamateriais,1/8/2022,31/7/2024,Vigente,,,Paulo César Gonçalves,IRN,Coordenador,
PIDI271-2022,"Revisão taxonômica das espécies de Hapsodrilus (Coleoptera, Elateridae, Pyrophorini)",1/8/2022,31/7/2024,Vigente,,,Simone Policena Rosa ,IRN,Coordenador,
PVDI233-2022,Desenvolvimento de Sistema de Software para Treinamento em Simulador de Helicoptero,1/8/2022,31/7/2024,Vigente,,,ALEXANDRE CARLOS BRANDAO RAMOS,IMC,Coordenador,
PVDI280-2022,Oncologia Matemática,1/8/2022,31/7/2024,Vigente,,,Artur César Fassoni,IMC,Coordenador,
PIDI278-2022,"Jogos Digitais Inclusivos: teorias, métodos e ferramentas de apoio",1/8/2022,31/7/2024,Vigente,,,ELISA DE CASSIA SILVA RODRIGUES,IMC,Coordenador,
PVDI260-2022,Teoria de regularidade para modelos não lineares e problemas de fronteira livre,1/8/2022,31/7/2024,Vigente,,,GIANE CASARI RAMPASSO,IMC,Coordenador,
PVDI253-2022,Invariantes topológicos para o estudo de sistemas integráveis e folheações,1/8/2022,31/7/2024,Vigente,,,INGRID SOFIA MEZA SARMIENTO,IMC,Coordenador,
PIDI251-2022,A dinâmica das órbitas periódicas da ferradura de Smale,1/8/2022,31/7/2024,Vigente,,,JUAN VALENTIN MENDOZA MOGOLLON,IMC,Coordenador,
PVDI272-2022,Estudo de equações do tipo Schrödinger sobre variedades Riemannianas compactas,1/8/2022,31/7/2024,Vigente,,,MARCELO APARECIDO CABRAL NOGUEIRA,IMC,Coordenador,
PIDI289-2022,Otimização Combinatória para Classificação Interpretável,1/8/2022,31/7/2024,Vigente,,,PEDRO HENRIQUE DEL BIANCO HOKAMA,IMC,Coordenador,
PVDI294-2022,Estudo e pesquisa nas equações de Mathieu e de Mathieu modificada,1/8/2022,31/7/2024,Vigente,,,Ricardo Iván Medina Bascur,IMC,Coordenador,
PIDI239-2022,Síntese verde de nanopartículas de dióxido de titânio para aplicação em células solares DSSC,1/8/2022,31/7/2024,Vigente,,,Adhimar Flávio Oliveira,IFQ,Coordenador,
PVDI242-2022,Narrativas sobre mídias digitais e redes sociais: um olhar para a educação científica e o letramento midiático na cultura digital,1/8/2022,31/7/2024,Vigente,,,ALESSANDRA RODRIGUES,IFQ,Coordenador,
PIDI236-2022,O BANCO DE SINAIS USADO COMO FERRAMENTA FACILITADORA NA APRENDIZAGEM PARA ALUNOS OUVINTES NA DISCIPLINA DE LIBRAS,1/8/2022,31/7/2024,Vigente,,,ANA CAROLINA SALES OLIVEIRA,IFQ,Coordenador,
PVDI237-2022,"PROPRIEDADES ELETRÔNICAS DE SEMICONDUTORES ORGÂNICOS, DISPOSITIVOS FLEXÍVEIS E ELETRÔNICOS VESTÍVEIS",1/8/2022,31/7/2024,Vigente,,,CARLA PATRICIA LACERDA RUBINGER,IFQ,Coordenador,
PVDI288-2022,"APLICAÇÃO DA QUÍMICA COMPUTACIONAL AO DESENVOLVIMENTO DE COMPOSTOS POTENCIALMENTE BIOATIVOS: planejamento racional, análise conformacional, docking e dinâmica molecular, QM/MM e investigação de orbitais de fronteira",1/8/2022,31/7/2024,Vigente,,,DANIEL HENRIQUES SOARES LEAL,IFQ,Coordenador,
PVDI274-2022,Novos aceleradores de vulcanização da borracha baseados em complexos metálicos com ligantes ditiocarbimatos,1/8/2022,31/7/2024,Vigente,,,EDER DO COUTO TAVARES,IFQ,Coordenador,
PIDI256-2022,"Cromismo: Estudo computacional de efeitos de misturas de solventes, temperatura e radiação.",1/8/2022,31/7/2024,Vigente,,,Juliana Fedoce Lopes,IFQ,Coordenador,
PVDI281-2022,Evolução química de galáxias,1/8/2022,31/7/2024,Vigente,,,OSCAR CAVICHIA DE MORAES,IFQ,Coordenador,
PIDI262-2022,Fotofísica de moléculas orgânicas,1/8/2022,31/7/2024,Vigente,,,ROBERTO SHIGUERU NOBUYASU JUNIOR,IFQ,Coordenador,
PVDI235-2022,As narrativas dos professores sobre os métodos de ensino e as tramas da crise na educação básica – o ensino médio,1/8/2022,31/7/2024,Vigente,,,ROGERIO RODRIGUES,IFQ,Coordenador,
PIDI293-2022,Estudo das condições de síntese de cargas vítreas do sistema B2O3-Al2O3-SiO2 para aplicações odontológicas.,1/8/2022,31/7/2024,Vigente,,,ROSSANO GIMENES,IFQ,Coordenador,
PVDI304-2020,DESENVOLVIMENTO DE LIGAS DO SISTEMA Al-Fe e Nb-Al PELO PROCESSO DE MECHANICAL ALLOYING,1/3/2020,1/3/2023,Expirado,CNPq,"R$ 39.600,00",GILBERT SILVA,IFQ,Coordenador,Arquivado - Relatório final entregue
PVDI301-2022,Correlação entre rota de processamento de ligas de alumínio com resistência a corrosão e a evolução de hidrogênio,1/3/2022,28/2/2025,Vigente,CNPq,"R$ 39.600,00",MIRIAN DE LOURDES NORONHA MOTTA MELO,IEM,Coordenador,
PVDI300-2022,Investigação e caracterização das construções metodológicas de grupos de planejamento conjunto empreendidas por docentes do ensino superior de ciências da natureza,1/6/2022,28/2/2025,Vigente,FAPEMIG,"R$ 28.707,00",JOAO RICARDO NEVES DA SILVA,IFQ,Coordenador,
PIDI299-2020,Otimização da operação de usinas hidrelétricas através da minimização das perdas no processo de geração,1/7/2022,28/2/2025,Vigente,Energia Sustentável do Brasil S/A,"R$ 2.042.312,17",GUILHERME SOUSA BASTOS,IESTI,Coordenador,
PIDI305-2020,TOCO_DR Observatório de teoria da mudança em resiliência a desastres.,1/5/2020,31/12/2023,Vigente,FAPESP,"R$ 196.542,43",MARINA BATALINI DE MACEDO,IRN,Coordenador Local,Projeto prorrogado até 31/12/2023
PIDI309-2022,Simulação e previsão de vazões para bacias hidrográficas do Estado de Minas Gerais com base em modelo hidrológico distribuído e previsões de modelos atmosféricos,5/8/2022,5/8/2024,Vigente,FAPEMIG,"R$ 76.300,00",BENEDITO CLAUDIO DA SILVA,IFQ,Coordenador,
PVDI306-2022,Proposta de Apoio à Formação de Mestres para o Fortalecimento do Programa de Pós-graduação em Engenharia Mecânica da UNIFEI,8/8/2022,31/8/2027,Vigente,FAPEMIG,"R$ 72.000,00",SANDRO METREVELLE MARCONDES DE LIMA E SILVA,IEM,Coordenador,
PVDI307-2021,ESTUDO COMPREENSIVO DO TRANSPORTE RODOVIÁRIO DE CARGAS BRASILEIRO PARA AUMENTO DE EFICIÊNCIA EM UM MARKETPLACE LOGÍSTICO,7/12/2021,7/12/2023,Vigente,TRUCKPAD TECNOLOGIA E LOGÍSTICA S.A,"R$ 21.600,00",RENATO DA SILVA LIMA,IEPG,Coordenador,
PIDI298-2022,COMPÓSITO POLIMÉRICO BIOINSPIRADO NO OURIÇO DA CASTANHA DO PARÁ (BERTHOLLETIA EXCELSA) DE ELEVADA TENACIDADE,25/6/2022,24/6/2025,Vigente,FAPEMIG,"R$ 18.550,28",Marília Sonego,IEM,Coordenador,
PIDI311-2023,Estudo da texturização a laser na adesão de uma junta híbrida metal-compósito,13/9/2022,12/9/2025,Vigente,FAPEMIG,"R$ 65.365,86",RENATA NEVES PENHA,IEM,Coordenador,
PVDI312-2022,Ensino de Ciências e Matemática mediado por tecnologias: Um estudo sobre inclusão na microrregião de Itajubá,16/3/2022,31/3/2025,Vigente,CNPq,"R$ 29.600,00",DENISE PEREIRA DE ALCANTARA FERRAZ,IFQ,Coordenador,
PVDI314-2023,Aprimoramento de Cerâmicas Termoelétricas para Conversão de Energia: Aspectos Teóricos e Experimentais,1/3/2023,28/2/2026,Vigente,FAPEMIG,"R$ 94.528,68",MARIA VIRGINIA GELFUSO,IEM,Coordenador,
PVDI315-2022,A Sustentabilidade da Mobilidade Urbana em Cidades Mineiras no Contexto atual e de Pós Pandemia,13/10/2022,1/1/2026,Vigente,FAPEMIG,"R$ 61.979,59",JOSIANE PALMA LIMA,IEPG,Coordenador,
"PVDI316-2021
",BIG DATA E ANÁLISE ESPACIAL NA INTEGRAÇÃO DA MICROMOBILIDADE E TRANSPORTE PÚBLICO URBANO NO CONTEXTO DE SMART CITIES,23/9/2021,22/9/2025,Vigente,B2ML SISTEMAS LTDA,"R$ 32.400,00",JOSIANE PALMA LIMA,IEPG,Coordenador,
PIDI319-2023,Vivência Universitária em Empreendedorismo e Inovação (VUEI) – Campus Itajubá,21/12/2022,20/12/2023,Vigente,Secretaria de Estado e Desenvolvimento Econômico de Minas Gerais - SEDE,"R$ 44.280,00",ANDREA APARECIDA DA COSTA MINEIRO,IEPG,Coordenador,
PIDI317-2022,AVALIAÇÃO TEÓRICO-EXPERIMENTAL DA PRODUÇÃO E USO DE HIDROGÊNIO VERDE EM MINAS GERAIS,9/6/2022,9/6/2025,Vigente,FAPEMIG,"R$ 1.265.983,00",JOSE CARLOS ESCOBAR PALACIO,IEPG,Coordenador,
PVDI328-2022,Integração de sistema hibrido Heliotérmico-Biomassa visando o uso de sistemas armazenamento de energia,7/12/2022,31/12/2026,Vigente,CNPq,"R$ 751.400,00",VLADIMIR RAFAEL MELIAN COBAS,IEM,Coordenador,
PIDI327-2022,Materiais Poliméricos Associados à Lantanídeos: Aplicações em Materiais Inteligentes,7/12/2022,7/2/2025,Vigente,FAPEMIG,"R$ 978.995,08",FREDERICO BARROS DE SOUSA,IFQ,Coordenador,
PVDI331-2022,Laboratório Nacional para Estudos Micrometeorológicos e Metodológicos Aplicado ao Aproveitamento Energético Offshore (LabWind),16/12/2022,31/12/2026,Vigente,CNPq,"R$ 680.000,00",ARCILAN TREVENZOLI ASSIREU,IRN,Coordenador,
PVDI347-2023,Investigando a massa de aglomerados abertos com GAIA DR3,1/3/2023,28/2/2026,Vigente,CNPq,"R$ 39.600,00",HEKTOR STHENOS ALVES MONTEIRO,IFQ,Coordenador,
PVDI346-2023,Projeto de Otimização de Turbina Axial de Ultra Baixa Queda,11/12/2022,31/12/2026,Vigente,CNPq,"R$ 503.900,00",RAMIRO GUSTAVO RAMIREZ CAMACHO,IEM,Coordenador,
PVDI348-2021,Desenvolvimento de Dispositivos CMOS de Baixo Consumo e Baixa Potência para Aplicações Médicas,1/3/2021,28/2/2025,Vigente,CNPq,"R$ 48.000,00",ROBSON LUIZ MORENO,IESTI,Coordenador,
PVDI353-2023,Estudo e simulação de módulo de gerenciamento energético para sistema de produção de H2,4/7/2022,4/5/2024,Vigente,Instituto GNARUS,"R$ 88.000,00",ROBSON BAUWELZ GONZATTI,IESTI,Coordenador,
PVDI349-2022,Pesquisa e Desenvolvimento de um Sistema Integrado de Aquisição de Sinais de EEG em CMOS,1/3/2022,28/2/2025,Vigente,CNPq,"R$ 39.600,00",TALES CLEBER PIMENTA,IESTI,Coordenador,
PVDI352-2022,GERAÇÃO DE ELETRICIDADE A PARTIR DA GASEIFICAÇÃO DE LODO SANITÁRIO E ENERGIA SOLAR TÉRMICA,1/3/2022,28/2/2025,Vigente,CNPq,"R$ 39.600,00",OSVALDO JOSE VENTURINI,IEM,Coordenador,
PVDI350-2023,Desenvolvimento de um Dispositivo Eletrônico com Sistema Especialista Embarcado para Aquisição e Análise de Diagnóstico de Sinais Eletromecânicos.,3/10/2022,3/10/2023,Vigente,NEPEN,"R$ 81.000,00",RAMIRO GUSTAVO RAMIREZ CAMACHO,IEM,Coordenador,
PVDI357-2022,Uso da Inteligência Artificial Aplicada ao Projeto Mecânico,9/12/2022,31/12/2023,Vigente,CNPq,"R$ 10.000,00",GUILHERME FERREIRA GOMES,IEM,Coordenador,
PVDI358-2022,Monitoramento da integridade estrutural: detecção e identificação de delaminações em estruturas aeronáuticas por meio decorrelação digital de imagens,18/11/2022,17/11/2025,Vigente,CNPq,"R$ 380.000,00",GUILHERME FERREIRA GOMES,IEM,Coordenador,
PVDI359-2023,Técnicas Avançadas de Otimização Mono e Multiobjetivo Aplicadas ao Projeto de Estruturas Mecânica,1/3/2023,28/2/2026,Vigente,CNPq,"R$ 39.600,00",GUILHERME FERREIRA GOMES,IEM,Coordenador,
PVDI369-2023,Reciclagem do aço Vanadis 8 pelo processo de metalurgia do pó utilizando a moagem de alta energia,1/3/2023,28/2/2026,Vigente,CNPq,"R$ 39.600,00",GILBERT SILVA,IEM,Coordenador,
PVDI378-2023,Modelos análogos da gravitação e ondas gravitacionais,01/03/2023 a 28/02/2026,28/2/2026,Vigente,CNPq,"R$ 39.600,00",EDUARDO HENRIQUE SILVA BITTENCOURT,IFQ,Coordenador,
PVDI381-2023,Logística e Transportes: Da Sustentabilidade para a Economia Circular,1/3/2023,28/2/2027,Vigente,CNPq,"R$ 115.200,00",RENATO DA SILVA LIMA,IEPG,Coordenador,
PIDI382-2020,Análise Econômica de Decisões e de Risco na seleção de projetos de geração de energia renovável na matriz de energia elétrica brasileira,1/3/2021,28/2/2024,Vigente,CNPq,"R$ 39.600,00",EDSON DE OLIVEIRA PAMPLONA,IEPG,Coordenador,
PVDI386-2022,Desenvolvimento de materiais e processos para impressão 3D de peças em compósito fibra de carbono contínuo/termoplástico de qualidade aeronáutica,6/12/2022,31/12/2025,Vigente,CNPq,"R$ 746.400,00",ANTONIO CARLOS ANCELOTTI JUNIOR,IEM,Coordenador,
PIDI391-2023,"IMPACTOS DA BIOINCRUSTAÇÃO DE Limnoperna fortunei (DUNKER, 1857) NA GERAÇÃO HIDRELÉTRICA BRASILEIRA",1/3/2023,28/2/2027,Vigente,CNPq,"R$ 67.200,00",CARLOS BARREIRA MARTINEZ,IEM,Coordenador,
PVDI361-2023,Análise de viabilidade de projeto e implementação de processadores RISC-V em FPGA,1/6/2023,31/5/2026,Vigente,,,GUSTAVO DELLA COLLETTA,IESTI,Coordenador,
PVDI363-2023,"Estudo e implementação de balanceamento ""sensorless"" das tensões de submódulos em topologias modulares multiníveis",1/6/2023,31/5/2026,Vigente,,,WILSON CÉSAR SANT`ANA,IESTI,Coordenador,
PVDI368-2023,Desenvolvimento de sistemas de modulação com alta eficiência para comunicações de longas distâncias,1/6/2023,31/5/2026,Vigente,,,DECIO RENNO DE MENDONCA FARIA,IESTI,Coordenador,
PIDI372-2023,Investigação de limites teóricos na multiplicação de matrizes com enfoque em geometria algébrica e aprendizado de máquina,1/6/2023,31/5/2026,Vigente,,,RICK ANTONIO RISCHTER,IMC,Coordenador,
PIDI374-2023,Avaliação de risco ambiental de contaminantes presentes na água e no solo: Uma abordagem integrativa e ecologicamente relevante,1/6/2023,31/5/2026,Vigente,,,DANIEL CLEMENTE VIEIRA REGO DA SILVA,IRN,Coordenador,
PVDI408-2022,Correlação entre rota de processamento de ligas de alumínio com resistência a corrosão e a evolução de hidrogênio - APQ 01318-22,20/9/2022,22/9/2025,Vigente,FAPEMIG,"R$ 79.606,00",MIRIAN DE LOURDES NORONHA MOTTA MELO,IEM,Coordenador,
PVDI407-2023,"Projeto e desenvolvimento de um equipamento para preparação de substratos para produção de cogumelos, com ênfase nos princípios da economia circular (EC) e projeto para manufatura e montagem (DFMA) - Chamada CNPq Nº 08/2022 – Bolsa de Produtividade em Desenvolvimento Tecnológico e Extensão Inovadora - DT",1/3/2023,27/2/2026,Vigente,CNPq,"R$ 39.600,00",CARLOS HENRIQUE PEREIRA MELLO,IEPG,Coordenador,
PVDI362-2023,Análise da relação do envelhecimento do para-raios sobre a distância elétrica de proteção,1/6/2023,31/5/2026,Vigente,,,CREDSON DE SALLES,ISEE,Coordenador,
PVDI333-2023,Aprimoramento dos geradores de impulso do LAT-EFEI,1/6/2023,31/5/2026,Vigente,,,ESTACIO TAVARES WANDERLEY NETO,ISEE,Coordenador,
PVDI336-2023,"REGIONALIDADES, ECONOMIA E CULTURA: Reflexões sobre o desenvolvimento do território do Sul de Minas Gerais",1/6/2023,31/5/2026,Vigente,,,CARLOS ALBERTO MAXIMO PIMENTA,IEPG,Coordenador,
PVDI337-2023,"Agricultura familiar e desenvolvimento rural no sul de Minas: expressividade sócio econômica, gestão e políticas públicas",1/6/2023,31/5/2026,Vigente,,,VIVIANE GUIMARAES PEREIRA,IEPG,Coordenador,
PIDI411-2022,"BENEFÍCIOS DA IMPLEMENTAÇÃO TÉCNICAS COMPENSATÓRIAS NA MITIGAÇÃO DOS PROBLEMAS CAUSADOS PELAS MUDANÇAS CLIMÁTICAS, ATRAVÉS DA GESTÃO DOS ASPECTOS QUALI-QUANTITATIVOS DA DRENAGEM URBANA NO MUNICÍPIO DE CURITIBA – PARANÁ - BRASIL",26/12/2022,31/5/2026,Vigente,CNPq,"R$ 408,000,00",MARINA BATALINI DE MACEDO,IRN,Coordenador Local,
PVDI409-2023,AVANÇOS TECNOLÓGICOS E APOIO À DECISÃO - DESAFIOS E OPORTUNIDADES PARA A MOBILIDADE URBANA SUSTENTÁVEL E INTELIGENTE,1/3/2023,28/2/2026,Vigente,CNPq,"R$ 39.600,00",JOSIANE PALMA LIMA,IEPG,Coordenador,
PIDI364-2023,Análise de componentes metálicos submetidos ao processo de roleteamento externo.,1/6/2023,31/5/2026,Vigente,,,JEAN CARLO CESCON PEREIRA,IEM,Coordenador,
PIDI344-2023,PREPARO DE LIPOSSOMAS CONTENDO VANCOMICINA E CIPROFLOXACINA: POTENCIAL ATIVIDADE ANTIMICROBIANA E ANTIBIOFILME PARA TRATAMENTO DE FERIDAS,1/6/2023,31/5/2026,Vigente,,,DANIELA SACHS,IFQ,Coordenador,
PVDI366-2023,Efeito de Fotocondutividade em nano-filmes de Isolante Topológico Bi2Te3,1/6/2023,31/5/2026,Vigente,,,SUELEN DE CASTRO,IFQ,Coordenador,
PVDI370-2023,A Abordagem Temática na Educação em Ciências: possibilidades para a inserção das questões socioambientais na Educação Básica,1/6/2023,31/5/2026,Vigente,,,DANIELLE APARECIDA REIS LEITE,IFQ,Coordenador,
PVDI417-2022,"SÍNTESE, CARACTERIZAÇÃO, AVALIAÇÃO IN VITRO, IN VIVO E ESTUDOS IN SÍLICO DE NOVOS DERIVADOS DO PROTÓTIPO GIB24: POTENCIAIS AGENTES CONTRA A DOENÇA DE CHAGAS",12/9/2022,12/9/2025,Vigente,FAPEMIG,"R$ 176.419,86",MAURICIO FROTA SARAIVA,IFQ,Coordenador,
PVDI302-2022,Modelagem Numérica da Transferência de calor em Dissipadores e de Sistemas Bifásicos Microfluídicos,6/5/2022,6/5/2025,Vigente,FAPEMIG,"R$ 24.360,00",ANA LUCIA FERNANDES DE LIMA E SILVA,IEM,Coordenador,
PVDI421-2022,IMPACTOS ECONÔMICOS DA GERAÇÃO SOLAR FOTOVOLTAICA DISTRIBUÍDA NO ESTADO DE MINAS GERAIS: UMA ABORDAGEM DE MODELAGEM INTER-REGIONAL DE EQUILÍBRIO GERAL COMPUTÁVEL,22/6/2022,22/6/2025,Vigente,FAPEMIG,"R$1.275.345,72",VICTOR EDUARDO DE MELLO VALERIO,IEPG,Coordenador,
PVDI410-2022,Estudos integrados sobre Desenvolvimento Urbano e Tecnologias Sociais no contexto de cidades inteligentes e sustentáveis,1/11/2022,1/3/2026,Vigente,CAPES,,JOSIANE PALMA LIMA,IEPG,Coordenador,
