Número de registro na DPI ;Título do Projeto;Data de Registro;Início da vigência;Témino da vigência;Status;Órgão Financiador; Recursos Internos ; Recursos Externos ;Bolsa Pesquisa;Mestrado/Doutorado;IC;Participação     Inicio e fim;Coordenador;Instituto Vinculado;Observações;Nota de mérito (projetos sem financiamento externo)
257;Desenvolvimento de um Microsistema de Eletrocardiografia para o Monitoramento e o apoio a diagnóstico remoto de pacientes cardiopatas;03/06/2014;jan/14;dez/19;Vigente;FINEP - Edital DECIIS;R$ 237.500,00;R$ 1.200.910,00;1;1;0;01/2014 a 12/2019;Luis Henrique de Carvalho Ferreira;IESTI;Prorrogado até 12/2018   -   Prorrogado para 12/2019 em 07/12/2018;
514;Os sonhos e as verdades nos cursos de Engenharia: as narrativas sobre a constituição do profissional entre palavras e ações;08/06/2016;jun/16;jun/20;Vigente;sem financiamento externo;;;;;;08/2017 a 06/2020;Rogério Rodrigues;IFQ;Edital 002/2016 Suspenso em decorrência do afastamento do coordenador- Reativado em 01/08/2017 - Projeto prorrogado em 27/06/2018 para 03/2019 - - Projeto prorrogado em 29/01/2019 para 06/2020; 8,10 
518;Estudos de Estabilidade de tensão considerando a inserção de Energias Renováveis;21/06/2016;mar/16;fev/20;Vigente;CNPq; R$ 110.400,00 ;;;;;03/2016 a 02/2020;Antonio Carlos Zambroni de Souza;ISEE;;
525;Efeitos de vácuo Quantico;12/07/2016;jul/16;fev/22;Vigente;CNPq; R$ 39.600,00 ;;;;;07/2016 a 02/2022;Fabricio Augusto Barone Rangel;IFQ;Memorando nº 435/2016 - IFQ - prorrogado em 03/19 até 02/2022;
527;Flutuações quânticas de campos na presença de meios materiais;13/07/2016;jul/16;fev/20;Vigente;CNPq; R$ 17.480,00 ;;;;;07/2016 a 02/2020;Vitorio Alberto De Lorenci;IFQ;;
536;Desenvolvimento de Tecnologias e procedimentos eficientes para gestão Hidroenergética em sistemas de Distribuição de Água - Programa Pesquisador Mineiro;19/01/2013;01/jan;abr/20;Vigente;FINEP;;420.000,00;;;;01/2013 a 02/2018;Fernando das Graças Braga da Silva;IRN;Processo nº 23088.021328/2016-18 - enviado á DPI em 07/12/2016 - pedido de alteração de vigência em 22/02/2017 para 02/2018 - Relatorio Final entregue em 11/05/2018 // Vigência prorrogada para 30/04/2020 prorrogação realizada em 17/07/2019;
544;Caos  e ordem em dinâmica em superfícies;10/02/2017;fev/17;jan/20;Vigente;sem financiamento externo;;;;;;fev/2017 a jan/2019;JUAN VALENTIN MENDOZA MOGOLLON;IMC;Prorrogado em 12/12/18 até 01/2020.; 8,96 
548;Correções de ordem superior em teorias supersimétricas de cordas;10/02/2017;fev/17;fev/20;Vigente;sem financiamento externo;;;;;;fev/2017 a jan/2019;Ricardo Ivan Medina Bascur;IMC;Projeto prorrogado em 29/01/2019 para 02/2020; 9,50 
556;Estudo experimental e modelagem termodinâmica dos sistemas ternários: Nb-V-Zr e Ti-V-Zr;10/02/2017;fev/17;dez/19;Vigente;sem financiamento externo;;;;;;fev/2017 a jan/2019;Antonio Augusto Araújo Pinto da Silva;IEM;Prorrogado em 29/10/2018 para 12/2019; 9,93 
570;PROPOSIÇÃO DE UM PROGRAMA DE GESTÃO E MANEJO DO SOLO E ÁGUA PARA FINS DE MITIGAÇÃO DE EVENTOS DE ESTIAGEM NA BACIA DO RIO SAPUCAÍ.;13/02/2017;fev/17;fev/20;Vigente;sem financiamento externo;;;;;;fev/2017 a jan/2019;Eliane Guimarães Pereira Melloni;IRN;Vigência prorrogada até 02/2020. (em 30/10/2018); 8,18 
575;SIMULAÇÃO DE PROPAGAÇÃO DE ONDAS ULTRASSÔNICAS APLICADAS EM ENSAIOS NÃO DESTRUTIVOS.;13/02/2017;fev/17;jan/20;Vigente;sem financiamento externo;;;;;;fev/2017 a jan/2020;Paulo Pereira Junior;IEM;Prorrogado em 09/04/2019 até 01/2020; 8,65 
582;Uso de trans-séries resurgentes em Mecânica Quântica e Teoria de Cordas.;13/02/2017;fev/17;fev/20;Vigente;sem financiamento externo;;;;;;fev/2017 a jan/2018;Ricardo Iván Medina Bascur;IMC;Prorrogado em 18/04/18 até 02/2019.- Projeto prorrogado em 29/01/2019 para 02/2020; 6,61 
584;OBSERVATÓRIO DE DESENVOLVIMENTO E CULTURA NO SUL DE MINAS GERAIS;13/02/2017;set/16;abr/20;Vigente;FAPEMIG;;50.400,00;bolsas;bolsas;bolsas;set/16 a set/18;Carlos Alberto Maximo Pimenta;IEPG;Prorrogado em 30.01.2019 para 06/2019 // Prorrogado em 02/07/2019 para 30/04/2020;
585;AUTOMATIZAÇÃO DE PARAMETROS DE CONTROLE VISANDO A ESTABILIDADE DE TENSAO EM SISTEMAS ELETRICOS DE POTENCIA;13/02/2017;mar/16;fev/21;Vigente;CNPQ;;66.000,00;bolsas;bolsas;bolsas;mar/16 a fev/2021;Benedito isaias de lima lopes;ISEE;;
592;Aeronaves remotamente pilotadas em inspeção de Linha de Transmissão;22/03/2017;mar/17;fev/20;Vigente;CNPq;;39.600,00;bolsas;2;2;mar/17 a fev/20;Alexandre Carlos Brandão Ramos;VIscap;;
594;Equações diferenciais parciais não-lineares com expoentes variáveis;08/06/2017;mar/17;abr/20;Vigente;FAPEMIG;;50.400;bolsas;bolsas;bolsas;mar/2017 a set/2018;Jacson Simsen;IMC;enviado por sipac. Mem. 268/2017 - IMC // Projeto prorrogado de 01/09/2018 para 30/04/2020 em 07/08/2019;
595;Metodologia de Projeto do Lean Office para Instituição de Ensino Superior Federal - Edital Universal CNPq 2016;20/06/2017;jun/17;jun/20;Vigente;CNPq;;3.084,00;0;0;0;jun/2017 a jun/20;Carlos Eduardo Sanches da Silva;IEPG;;
598;Processo de tomada de decisão em transportes: abordagem multicritério integrada a outros métodos de análise ;26/06/2017;mar/17;fev/20;Vigente;CNPq;;39.600,00;bolsas;bolsas;bolsas;mar/2017 a fev/2020;Josiane Palma Lima;IEPG;;
601;APRENDIZADO DE MÁQUINA VIA APRENDIZAGEM PROFUNDA (DEEP LEARNING);22/05/2017;jul/17;dez/19;Vigente;sem financiamento externo;;;;;;07/17 a 12/19;Isabela Neves Drummond;IMC;Prorrogado em 13/12/17 para até 12/2018. Prorrogado em 09/05/2018 para 12/2019; 9,47 
617;PROJETO AERODINÂMICO E SIMULAÇÃO COMPUTACIONAL DE TURBINAS EÓLICAS DE PEQUENO PORTE;05/10/2017;jul/17;jun/20;Vigente;sem financiamento externo;;;;;;07/17 a 06/20;Angie Lizeth Espinosa Sarmiento;IEM;Prorrogado de 06/2019 para 06/2020 em 15/05/2019; 8,68 
620;Técnicas de descoberta de conhecimento aplicadas a dados espectrais para o monitoramento do status hídrico em áreas cafeeiras de Minas Gerais;04/10/2017;jul/17;dez/19;Vigente;sem financiamento externo;;;;;;07/17 a 12/19;Vanessa Cristina Oliveira de Souza;IMC;Prorrogado em 13/12/17 para até dez/2018 -  Prorrogado em 11.05.2018 para 12/2019; 9,09 
623;Caracterização das propiedades estruturais e ópiticas de cristais fotônicos emissores de luz fabricados por corrosão do silicio para aplicações em dispositivos optoeletrônicos.;29/06/2017;mar/17;fev/20;Vigente;FAPEMIG;;31.842,50;0;0;0;mar/2017 a 02/2020;Danilo Roque Huanca;IFQ;Projeto prorrogado de 03/2019 para 02/2020 em 17/04/2019 ;
624;Fabricação de cristais fotônicos emissores de luz de alto desempenho baseados em silicio poroso para aplicações em dispositivos optoeletronicos e sensores opticos.;29/06/2017;mar/17;fev/20;Vigente;CNPq;;31.540,00;0;0;0;mar/2017 a 02/2020;Danilo Roque Huanca;IFQ;Projeto prorrogado de 03/2019 para 02/2020 em 17/04/2019 ;
625;Arquitetura Híbrida para Coordenação de Sistemas Multirrobô por Processamento Distribuído na Nuvem;06/07/2017;jun/17;ago/20;Vigente;FAPEMIG;;0,00;0;2;0;jun/2017 a 08/2020;"Guilherme Sousa Bastos
";IESTI;Análise de mérito  // Projeto prorrogado de 01/05/2019 para 08/2020 em 17/05/2019; 10,00 
626;Sistema Integrado de Aquisição de Sinais de Eletroencefalografia;06/07/2017;jul/17;jun/20;Vigente;CNPq;;16.785,00;0;4;2;jul/2017 a jun/2020;Tales Cleber Pimenta;IESTI;;
627;"Bioluminescência de artrópodes: Diversidade biológica em biomas brasileiros;origem bioquímica;evolução estrutural/funcional de luciferases;diferenciação molecular das lamternas;aplicações biotecnológicas ambientais e educacionais.";06/07/2017;mai/17;abr/22;Vigente;FAPESP;;639.467,37;;;;05/17 a 04/22;Simone Policena Rosa;IRN;;
629;Desenvolvimento de Dispositivos Implantáveis de CMOS de Baixo Consumo e Baixa Potência para Aplicações Médicas;10/07/2017;mar/17;fev/21;Vigente;CNPq;;39.600,00;;;;03/2017 a 02/2020;Robson Luiz Moreno;IESTI;Prorrogado de 02/2019 para 02/2021 em 15/05/2019;
630;A HISTÓRIA DA MATEMÁTICA NA FORMAÇÃO DE PROFESSORES DE MATEMÁTICA NAS UNIVERSIDADES FEDERAIS BRASILEIRAS;13/07/2017;jul/17;jun/20;Vigente;CNPq;;9.800,00;;;;07/2017 a 06/2020;Mariana Feiteiro Cavalari Silva;IMC;;
634;Sistema Integrado de Aquisição de Sinais de Eletroencefalografia;07/08/2017;jul/17;jun/20;Vigente;CNPq;;16.785,00;;;;07/2017 a 06/2020;Tales Cleber Pimenta;IESTI;;
635;Método de Otimização por interseção normal à fronteira para escores fatoriais rotacionados ;13/10/2017;mar/16;mar/20;Vigente;CNPq;;;;;;03/16 a 03/20;Anderson Paulo de Paiva;IEPG;;
638;Modelo automatizado de medição e monitoramento do Sistema de Gestão da Qualidade da Cemig;23/11/2017;nov/17;nov/19;Vigente;sem financiamento externo;;;;;;11/17 a 11/19;Carlos Eduardo Sanches da Silva;IEPG;"""Mérito reconhecido"""; 10,00 
639;Estudo e previsão de precipitação e vazão ao longo do Rio Sapucaí que imapctam o município de Itajubá - MG;29/11/2017;nov/17;nov/20;Vigente;FAPEMIG;;55.434,75;;;;11/17 a 11/20;Michelle Simões Reboita;IRN;;
642;Radiação de corpo negro escalar na presença de fronteiras;29/11/2017;dez/17;dez/19;Vigente;FAPEMIG;;;;;;12/2017 a 12/2019;Edisom de Souza Moreira Júnior;IMC;;
644;Investigação e caracterização das construções metodológicas de grupos de planejamento conjunto empreendidas por docentes do ensino superior de ciências da natureza;12/12/2017;dez/17;dez/19;Vigente;FAPEMIG;;28.707,00;;;;12/17 a 12/19;João Ricardo Neves da Silva;IFQ;;
645;Geometria de curvas planas ,sistemas hamiltonianos e sistemas descontínuos;23/02/2018;dez/17;dez/19;Vigente;FAPEMIG;;24.307,50;;;;12/17 a 12/19;Fábio Scalco Dias;IMC;;
646;Impacto das mudanças climáticas nas culturas de clima temperado para Minas Gerais;29/11/2017;abr/18;ago/20;Vigente;FAPEMIG;;32.396,70;;;;04/18 a 08/20;Fabrina Bolzan Martins;IRN;;
647;Computação científica para obtenção de parametros fundamentais de aglomerados urbanos ;29/11/2017;nov/17;nov/19;Vigente;FAPEMIG;;R$46.200,00;;;;;Hektor Sthenos Ales Monteiro;IFQ;;
650;Avaliação teórica e experimental do emprego de energia heliotérmica para a secagem e higienização de lodo sanitário;29/11/2017;dez/17;dez/19;Vigente;FAPEMIG;;22.575,00;;;;12/17 a 12/19;Osvaldo José Venturini;IEM;;
651;Identificação de oportunidades de pesquisa em Engenharia de Produção: Levantamento nos setores comercial e industrial da cidade de Itabira (MG) ;13/03/2018;dez/17;dez/19;Vigente;FAPEMIG;;5.635,98;;;;12/17 a 12/19;Sandra Miranda Neves;IEPG;;
652;Análise e formulação de problema inverso robusto para a detecção de danos em estruturas por meio de técnicas de identificação de parâmetros, otimização e tomada de decisão Fuzzy;29/11/2017;dez/17;dez/19;Vigente;FAPEMIG;;3.517,50;;;;12/17 a 12/19;Patricia da Silva Lopes Alexandrino;IEM;;
653;Avaliação de recursos eólicos em sistemas aquáticos por plataformas flutuantes estabilizadas;29/11/2017;mar/18;mar/20;Vigente;FAPEMIG;;59.000,00;;;;03/18 a 03/20;Arcilan Trevenzoli Assireu;IRN;;
654;Desenvolvimento de arranjos de antenas banda-larga assistidos por lentes dielétricas;29/11/2017;jan/18;dez/19;Vigente;FAPEMIG;;42.262,50;;;;01/18 a 12/19;Danilo Henrique Spadoti;IESTI;;
655;Modelagem Numérica Da Transferência De Calor Em Dissipadores E De Sistemas Bifásicos Microfluídicos;29/11/2017;fev/18;fev/20;Vigente;FAPEMIG;;24.360,00;;;;02/18 a 02/20;Ana Lúcia Fernandes de Lima e Silva;IEM;;
656;Projeto E Construção De Uma Câmara De Combustão De Pequeno Porte Com Queima Convencional E Sem Chama Visível Usando Óleo Pirolítico De Pneus Usados, Biodiesel De Óleo De Fritura E Diesel S10;29/11/2017;nov/17;nov/19;Vigente;FAPEMIG;;36.330,00;;;;11/2017 a 11/2019;Christian Jeremi Coronado Rodriguez;IEM;;
658;Validação das respostas fotobiológicas para a radiação ultravioleta a partir de medidas espectrais e integradas;06/12/2017;set/16;ago/20;Vigente;FAPEMIG;;;;;;09/16 a 09/18;Marcelo de Paula Corrêa;IRN;Projeto prorrogado em 06/08/2019 de 01/09/2018 para 06/08/2020;
659;Radiação UV Biologicamente ativa : Novas perspectivas no conhecimento de sua interação com componentes da atmosfera a partir de medidas espectrais;06/12/2017;mar/17;fev/20;Vigente;CNPq;;39.600,00;;;;03/17 a 02/20;Marcelo de Paula Corrêa;IRN;;
660;Avaliação de substâncias carcinogênicas;06/12/2017;dez/17;dez/19;Vigente;CNPq;;29.939,94;;;;12/17 a 12/19;FlávioSoares Silva;IFQ;;
661;Estabilidade de tensão e redes inteligentes:Interação e efeitos;06/12/2017;fev/18;jan/20;Vigente;FAPEMIG;;25.200,00;;;;02/18 a 01/20;Antonio Carlos Zambroni de Souza;ISEE;;
663;AgroShare: um sistema para o compartilhamento e comércio de recursos agropecuários em propriedades rurais;06/02/2018;jan/18;dez/19;Vigente;sem financiamento externo;;;;;;01/18 a 12/19;Bruno Guazzelli Batista;IMC;; 8,22 
665;Aplicação da Ferramenta de Aproximação Vetorial na Modelagem de Transformadores de Distribuição;23/01/2018;fev/18;fev/20;Vigente;sem financiamento externo;;;;;;02/18 a 02/19;Gustavo Paiva Lopes;ISEE;Prorrogado em 08/02/2019 até 02/2020; 8,82 
667;Avaliação da aderência microbiana e biofilme formada Candida albicans e Staphylococcus aureus sobre a liga Ti-30Ta ;;mar/18;mar/21;Vigente;sem financiamento externo;;;;;;03/2018 a 03/2021;Daniela Sachs;IFQ;Projeto prorrogado de 01/03/2020 para 01/03/2021 em 20/08/2019; 9,11 
669;CARACTERIZAÇÃO DO CICLO DE VIDA DAS PROPRIEDADES ELÉTRICAS E FÍSICAS DAS TEMPESTADES NA REGIÃO SUDESTE DO BRASIL;16/08/2018;mar/18;mar/20;Vigente;sem financiamento externo;;;;;;03/2018 a 03/2020;Enrique Vieira Mattos;IRN;; 9,41 
670;Caracterização dos conhecimentos produzidos por professores e futuros professores de Matemática e Física em um Grupo Colaborativo de planejamento conjunto;13/03/2018;dez/17;dez/20;Vigente;sem financiamento externo;;;;;;12/17 a 12/19;João Ricardo Neves da Silva;IFQ;Projeto prorrogado em 07/08/2019 de 01/12/2019 para 01/12/2020; 8,23 
672;Concreto Alto Adensável: Método de Dosagem, sem ou com adição de resíduos e caracterização de propriedades;30/01/2018;mar/18;fev/20;Vigente;sem financiamento externo;;;;;;03/18 a 02/20;Paulo César Gonçalves;IRN;; 8,93 
673;CONCRETO DE ALTO ESEMPENHO  COM ALTOS TEORES DE BORRACHA DE PNEU;09/02/2018;fev/18;fev/20;Vigente;sem financiamento externo;;;;;;02/18 a 02/20;Mirian de Lourdes Noronha Motta Melo;IEM;; 9,24 
674;Desenvolvimento de cerâmicas termoelétricas do tipo-n e do tipo-p;29/01/2018;jan/18;dez/19;Vigente;sem financiamento externo;;;;;;01/18 a 12/19;Daniel Thomazini;IEM;; 8,99 
676;ENSINO DE CIÊNCIA INCLUSIVO NA FORMAÇÃO DE PROFESSORES;13/03/2018;mar/18;mar/20;Vigente;sem financiamento externo;;;;;;03/18 a 03/20;Paloma Alinne Alves Rodrigues Ruas;IFQ;; 8,43 
677;Estudo das propriedades elétricas e de fotocondução em filmes baseados em compostos de Bi2Te3 e Pb1-xSnxTe;13/03/2018;mar/18;mar/20;Vigente;sem financiamento externo;;;;;;03/18 a 03/20;Marcelo Lima Peres;IFQ;; 9,71 
678;ESTUDOS DE AGLOMERADOS ABERTOS UTILIZANDO DADOS DO GAIA;13/03/2018;mar/18;mar/20;Vigente;sem financiamento externo;;;;;;03/18 a 03/20;Wilton da Silva Dias;IFQ;; 10,00 
680;FILTRO ATIVO DE POTÊNCIA PARA COMPENSAÇÃO DISTRIBUÍDA;;fev/18;fev/20;Vigente;sem financiamento externo;;;;;;02/2018 a 02/2020;Rondineli Rodrigues Pereira;IESTI;; 8,30 
682;MODELAGEM E SIMULAÇÃO NUMÉRICA DO MOVIMENTO DE PARTÍCULAS UTILIZANDO UMA DESCRIÇÃO PURAMENTE LAGRANGEANA: APLICAÇÃO EM ESCOAMENTOS BIFÁSICOS;22/02/2018;mar/18;mar/20;Vigente;sem financiamento externo;;;;;;03/18 a 03/20;Luiz Antonio Alcântara Pereira;IEM;; 9,04 
685;Modelamento de um Motor de Indução com Rotor de Gaiola com Mancal Magnético na Configuração Halbach;23/01/2018;01/03/2018;fev/21;Vigente;sem financiamento externo;;;;;;03/18 a 02/21;Ricardo Elias Caetano;ISEE;Em 30/10/2018 a vigência foi prorrogada para 02/2021; 8,77 
686;NARRATIVAS DIGITAIS E PESQUISA: possibilidades metodológicas para investigações qualitativas;06/02/2018;mar/18;dez/20;Vigente;FAPEMIG;;;;;;03/18 a 12/20;Alessandra Rodrigues;IFQ;Projeto alterado para com financiamento externo considerando a aprovação do projeto do Edital de Demanda Universal FAPEMIG (Processo APQ-00239-18) [nota anterior 8.22];
687;POTENCIAL DE APROVEITAMENTO ENERGÉTICO DE RESÍDUOS SÓLIDOS ORGÂNICOS NO CONTEXTO DA REDUÇÃO DE EMISSÕES LÍQUIDAS DE GASES DE EFEITO ESTUFA;;jan/18;jan/20;vigente;sem financiamento externo;;;;;;01/2018 a 01/2020;Regina Mambeli Barros;IRN;; 8,40 
688;Previsão de Tempo para o Sul de Minas Gerais: Validação e Experimentos Numéricos de Sensibilidade;23/01/2018;fev/18;jan/20;Vigente;sem financiamento externo;;;;;;02/18 a 01/20;Michelle Simões Reboita;IRN;; 8,90 
689;PROJETO DE REATORES PARA GASEIFICAÇÃO EM LEITO FIXO CO-CORRENTE UTILIZANDO FERRAMENTAS DE DESENHO ASSISTIDO POR COMPUTADOR E DINÂMICA DOS FLUIDOS COMPUTACIONAL (CAD & CFD);23/03/2018;jan/18;dez/20;Vigente;sem financiamento externo;;;;;;01/18 a 12/19;Diego Mauricio Yepes Maya;IEM;Prorrogado de 12/2019 para 12/2020 em 10/05/2019; 8,29 
690;Prospecção de Atmosferas de Exoplanetas;18/07/2018;jul/18;dez/19;Vigente;sem financiamento externo;;;;;;01/07/2018 a 12/2019;Gabriel Rodrigues Hickel;IFQ;; 9,79 
691;Recobrimento de ligas metálicas utilizando o processo de cementação em caixa, com haleto ativado;01/03/2018;mar/18;fev/21;vigente;sem financiamento externo;;;;;;mar/2018 a 02/2021;Geovani Rodrigues;IEM;; 9,22 
693;TRATAMENTO DE EFLUENTES APLICANDO COMBINAÇÕES DE PROCESSOS CONVENCIONAIS E PROCESSOS OXIDATIVOS AVANÇADOS ;;mar/18;jan/20;vigente;sem financiamento externo;;;;;;03/2018 à 01/2021;Milady Renata Apolinário da Silva;IFQ;; 8,84 
694;BIOCOMBUSTIVEIS: COMBUSTAO,ENERGIA E CICLOS NÃO CONVENCIONAIS;11/01/2018;mar/17;mar/20;Vigente;CNPq;;39.600,00;;;;03/2017 a 03/2020;Christian Jeremi Coronado Rodriguez;IEM;;
695;Metamodelagem aplicada à otimização via simulação;11/01/2018;jun/17;mai/20;Vigente;CNPq;;13.753,00;;;;06/17 a 05/20;Rafael de Carvalho Miranda;IEPG;;
696;Pesquisa do sistema de Radiação ultravioleta para inativação de larvas de Limnoperna Fortunei aplicável a unidades de refrigeração de usinas hidrelétricas;01/03/2017;nov/17;nov/20;Vigente;Furnas/eletrobrás;;1.063.096,98;;;;03/2017 a 03/2020;Carlos Barreira Martinez;IEPG;Registro provisório autorizado por Hektor S. M.;
698;Análise de custo e benefícios: Uma proposta de metodolgia aplicada em análise de imapacto regulatório;                                                                                                            27/03/2018;dez/17;dez/19;Vigente;CNPq;;R$207.800,00;;;;12/17 a 11/19;Edson de Oliveira Pamplona;IEPG;;
699;Análise numérica e experimental em transferência de calor usando técnicas de problemas inversos;29/03/2018;mar/18;fev/22;Vigente;CNPq;;39.600,00;;;;03/18 a 02/21;Sandro Metrevelle Marcondes de Lima e Silva;IEM;Enviou comprovante de entrega de prestação de contas/relatório final , via e-mail em 19/07/2018;
700;Otimização das condições de usinagem em materiais endurecidos ;17/04/2018;jan/18;dez/19;Vigente;FAPEMIG; R$ 500.000,00 ; R$ 25.200,00 ;;;;01/18 a 12/19;João Roberto Ferreira;IEPG;;
701;Desenvolvimento de módulos termoelétricos: Energia elétrica obtida pela conversão de calor residual ;18/04/2018;mar/18;fev/21;Vigente;CNPq;; R$ 39.600,00 ;;;;03/18 a 02/21;Maria Virginia Gelfuso;IEM;;
702;Desenvolvimento de um gerador cerâmico termoelétrico;18/04/2018;mar/18;fev/21;Vigente;CNPq;; R$ 39.600,00 ;;;;03/18 a 02/21;Daniel Thomazini;IEM;;
703;Estudo computacional de Sistemas Poliméricos por meio de métodos hibridos e sequenciais ;18/06/2018;mar/18;fev/21;Vigente;CNPq;; R$ 39.600,00 ;;;;03/18 a 02/21;Juliana Fedoce Lopes;IFQ;;
704;Captura via adsolubilização, de moléculas orgânicas de interesse, entre as lamelas de carboxilatos lamelares metálicos de: manganês (II), ferro (III), cobre (II) e zinco (II);27/06/2018;ago/18;jun/20;Vigente;sem financiamento externo;;;;;;08/18 a 06/20;Fabio da Silva Lisboa ;IFQ;; 10,00 
706;EDO Comunicação: analise de sua contribuição para o fortalecimento da participação social e dos objetivos de criação de uma unidade de conservação da natureza;Edital 01/2018;ago/18;jul/20;Vigente;sem financiamento externo;;;;;;08/2018 a 07/2020;Daniela R. T. Riondet-Costa;IRN;; 8,50 
707;Ambiente construído,  desenvolvimento e sociedade;Edital 01/2018;ago/18;ago/20;Vigente;sem financiamento externo;;;;;;08/2018 a 08/2020;Daniele Ornaghi Sant Anna;IRN;; 8,38 
708;Simulações computacionais e aprimoramento de rotinas aplicadas a sistemas de distribuição de água tendo em vista a melhoria de eficiência hidroenergética;Edital 01/2018;ago/18;jul/20;Vigente;sem financiamento externo;;;;;;08/2018 a 07/2020;Fernando das Graças Braga da Silva;IRN;; 6,56 
711;Análise da efetividade da prática da avaliação de impacto ambiental no sul de Minas Gerais;Edital 01/2018;ago/18;jul/20;Vigente;sem financiamento externo;;;;;;08/2018 a 07/2020;Maria Rita Raimundo e Almeida;IRN;; 8,13 
717;Estudo sobre conhecimentos e aprendizagens de professores e futuros professores em contextos colaborativos;Edital 01/2018;ago/18;dez/19;Vigente;sem financiamento externo;;;;;;08/2018 a 12/2019;Eliane Matesco Cristovão;IMC;; 7,00 
718;Problema de N-corpos estendidos e seus equilíbrios relativos;Edital 01/2018;jul/18;jul/20;Vigente;sem financiamento externo;;;;;;07/2018 a 07/2020;Lucas Ruiz dos Santos;IMC;; 8,50 
720;Tópicos Modernos em Teorias de Campo Integráveis;Edital 01/2018;ago/18;ago/20;Vigente;sem financiamento externo;;;;;;08/2018 a 08/2020;Alexis Roa Aguirre;IFQ;; 9,00 
721;Fatores de permanência e de evasão no curso de licenciatura em química da Unifei - Construção de um modelo de avaliação;Edital 01/2018;ago/18;jul/21;Vigente;sem financiamento externo;;;;;;08/2018 a 07/2021;Juliana Maria Sampaio Furlani;IFQ;; 8,13 
722;Investigação de propriedades elétricas em heteroestruturas análogas a Isolantes Topológicos;Edital 01/2018;jul/18;jul/20;Vigente;sem financiamento externo;;;;;;07/2018 a 07/2020;Sandra Nakamatsu;IFQ;; 8,50 
725;Identificação de Danos em Estruturas Aeronáuticas por meio de Métodos Inversos;Edital 01/2018;ago/18;ago/20;Vigente;sem financiamento externo;;;;;;08/2018 a 08/2020;Guilherme Ferreira Gomes;IEM;; 8,50 
727;Método de otimização por interseção normal à fronteirapara escores fatoriais ;;fev/16;fev/20;Vigente;CNPq;;57600;;;;02/2018 a 02/2020;Anderson Paulo de Paiva;IEPG;;
729;Sistema de baixo custo e alto rendimento para inspeção aérea e previsão de desastres;Demanda Universal - FAPEMIG ;mar/18;fev/21;Vigente;FAPEMIG  ;;65.921,86;;;;03/2018 à 02/2021;Alexandre Carlos Brandão Ramos;IMC;demanda Universal APQ 00234-18;10
730;Simulaçao de dispositivos electromagnéticos em computação de alto desempenho ;Demanda Universal - FAPEMIG ;mar/19;dez/21;Vigente;FAPEMIG  ;;R$ 39.994,50;;;;03/2019 à 12/2021;Mateus Augusto Faustino Chaib Junqueira;IESTI;;
731;Incorporação de previsões climáticas e hidrológicas na Gestão da Alocação no Rio São Francisco;;dez/17;nov/22;Vigente;CAPES;; R$ 269.000,00 ;;;;12/2017 à 11/2022;Benedito cláudio da Silva;IRN;;
732;Algoritmos para o problema  de dimensionamento de lote, estoque e roteirização com restrições de empacotamento;Chamada Universal - CNPq;fev/19;fev/21;Vigente;CNPq;; R$ 15.200,00 ;;;;02/2019 à 02/2021;Pedro Henrique del Bianco Hokama ;IMC;;
733;Relação entre a microfísica da fase mista das tempestades e as propriedades fésicas e elétricas dos relâmpagos ;Chamada Universal - CNPq;fev/19;fev/22;Vigente;CNPq;; R$ 27.640,00 ;;;;02/2019 à 02/2022;Enrique Vieira Mattos;IRN;;
735;Desenvolvimento Proteses para membros inferiores hibridas em impressão 3D ABS reforçadas com fibra de carbono/epóxi;Chamada Universal - CNPq;dez/18;dez/21;Vigente;CNPq;; R$ 25.000,00 ;;;;12/2018 à 12/2021;Guilherme Ferreira Gomes;IEM;;
736;Detecção de porosidade em materiais compósitos utilizando ondas ultrassônicas;Chamada Universal - CNPq;fev/19;jan/22;Vigente;CNPq;; R$ 20.000,00 ;;;;02/2019 a 01/2022;Paulo Pereira Junior;IEM;;
738;Projeções climáticas para a América do Sul: ciclo de vida da monção Sul Americana ;Chamada Universal - CNPq;jan/19;jan/22;Vigente;CNPq;; R$ 59.500,00 ;;;;01/2019 a 01/2022;Michelle Simões Reboita;IRN ;;
739;Monitoramento da camada limite planetária em sistemas aquáticos por plataformas flutuantes estabilizadas ;Chamada Universal - CNPq;mar/19;mar/21;Vigente;CNPq;; R$ 60.000,00 ;;;;03/2019 a 03/2021;Arcilan Trevenzoli Assireu;IRN;;
741;Evolução química de galáxias espirais: a conexão bojo-disco;Edital 005/2018;mar/19;mar/21;Vigente;sem financiamento externo;;;;;;03/2019 à 03/2021;Oscar Cavichia de Moraes;IFQ;;8,5
742;Preparação e caracterização de amostras cerâmicas contendo nióbio e alumínio dopadas com TiO2;Edital 005/2018;mar/19;fev/20;Vigente;sem financiamento externo;;;;;;03/2019 à 02/2020;Adhimar Oliveira;IFQ;;7,5
743;DEGRADAÇÃO DE EFLUENTES CONTENDO BTX PELO PROCESSO FENTON EMPREGANDO REATOR DE FLUXO ASCENDENTE;Edital 005/2018;fev/19;fev/21;Vigente;sem financiamento externo;;;;;;02/2019 à 02/2021;Rossano Gimenes;IFQ;;8
744;Síntese, caracterização e avaliação do potencial antineoplásico de novos derivados terpenóides: potenciais inibidores da via do mevalonato;Edital 005/2018;dez/18;dez/20;Vigente;sem financiamento externo;;;;;;12/2018 à 12/2020;Mauricio Frota Saraiva;IFQ;;8
745;Os artigos em História da Ciência da revista Ciência Hoje como recurso didático para o Ensino de Ciências: potencialidades, limites e dificuldades;Edital 005/2018;mar/19;fev/20;Vigente;sem financiamento externo;;;;;;03/2019 à 02/2020;Evandro Fortes Rozentalski;IFQ;;9
746;"SÍNTESE E CARACTERIZAÇÃO DE NOVOS COMPLEXOS HETEROLÉPTICOS DE Zn(II), Ni(II) E Sr(II) COM LIGANTES  DITIOCARBIMATOS E PIRIDINICOS COMO POTENCIAIS ACELERADORES DA VULCANIZAÇÃO DA BORRACHA  ";Edital 005/2018;mar/19;mar/20;Vigente;sem financiamento externo;;;;;;03/2019 à 02/2020;Eder do Couto Tavares;IFQ;;8,13
747;Síntese e caracterização de redes metalorgânicas baseadas em ferro;Edital 005/2018;mar/19;fev/21;Vigente;sem financiamento externo;;;;;;03/2019 à 02/2021;Geise Ribeiro;IFQ;;6,63
748;Efeito da têmpera interrompida na tenacidade à fratura da liga AA6351;Edital 005/2018;jan/19;dez/19;Vigente;sem financiamento externo;;;;;;01/2019 à 12/2019;Renata Neves Penha;IEM;;8,38
751;ESTUDO DA INFLUÊNCIA DA POROSIDADE NAS CONSTANTES ELÁSTICAS DE MATERIAIS COMPÓSITOS USANDO ONDAS ULTRASSÔNICAS;Edital 005/2018;dez/18;nov/20;Vigente;sem financiamento externo;;;;;;12/2018 a 11/2020;Paulo Pereira Junior;IEM;;8,25
752;PROJETO DE DISSIPADORES DINÂMICOS UTILIZANDO METAMATERIAIS ;13/05/2019;jan/19;dez/21;Vigente;CNPq;; R$ 20.000,000 ;;;;01/2019 A 12/2021;Jesús Antonio García Sánchez;IEM;Projeto a princípio registrado por meio do Edital 005/2018 e após submetido ao CNPq e portanto passou a ser considerado a partir de 05/2019 projeto com financiamento;9,25
753;DESENVOLVIMENTO DE COMPONENTES DE UMA PRÓTESE DE JOELHO MAGNETO REOLÓGICA ATIVA;Edital 005/2018;fev/19;jan/22;Vigente;sem financiamento externo;;;;;;02/2019 à 01/2022;Felipe de Souza Eloy;IEM;;9,25
754;BIOCONSTRUÇÃO: SISTEMAS SUSTENTÁVEIS E EFICIENTES;Edital 005/2018;mar/19;fev/21;Vigente;sem financiamento externo;;;;;;03/2019 a 02/2021;Angie Lizeth Espinosa Sarmiento;IEM;;8,38
755;ENTRE O CÉU E O INFERNO: COMPREENDENDO AS NARRATIVAS DISCURSIVAS DE MULHERES DOCENTES DO ENSINO SUPERIOR E OS PROCESSOS DE ADOECIMENTO DECORRENTES DO TRABALHO ACADÊMICO ;Edital 005/2018;mar/19;fev/20;Vigente;sem financiamento externo;;;;;;03/2019 a 02/2020;Isabel Cristina da Silva Arantes ;IEPG;;6,88
756;"Simulação de dispositivos com índice de refração negativo para obter lentes com resolução abaixo do índice de refração";Edital 005/2018;fev/19;dez/19;Vigente;sem financiamento externo;;;;;;02/2019 a 12/2019;Mateus Augusto Faustino Chaib Junqueira;IESTI;;7,63
757;Desenvolvimento de plataforma embarcada para IoT com sistemas de tempo real;Edital 005/2018;jan/19;dez/21;Vigente;sem financiamento externo;;;;;;01/2019 a 12/2021;Rodrigo Maximiano Antunes de Almeida;IESTI;;10
758;Introdução à Teoria Ergódica e Sistemas Dinâmicos Caóticos;Edital 005/2018;mar/19;fev/20;Vigente;sem financiamento externo;;;;;;03/2019 à 02/2020;Fernando Pereira Micena;IMC;;10
759;Modelagem matemática para elucidar o potencial de redução de dose de Inibidores de Tirosina-Quinase no tratamento de Leucemia Mieloide Crônica;Edital 005/2018;mar/19;fev/21;Vigente;sem financiamento externo;;;;;;03/2019 à 02/2021;Artur César Fassoni;IMC;;10
760;Deformação e Alinhamento Modelo-Imagem Aplicado ao Reconhecimento de Estruturas Biológicas em Imagens Microscópicas;Edital 005/2018;jan/19;dez/20;Vigente;sem financiamento externo;;;;;;01/2019 à 12/2020;Elisa de Cássia Silva Rodrigues;IMC;;6,38
761;"Ambiente Computacional de Análise de Padrões Gradientes
";Edital 005/2018;fev/19;fev/20;Vigente;sem financiamento externo;;;;;;02/2019 a 02/2020;Roberto Affonso da Costa Junior;IMC;;6,75
763;Caracterização Metalográfica de Ligas de Al submetidas a diferentes Ataques Químicos;Edital 005/2018;mar/19;fev/20;Vigente;sem financiamento externo;;;;;;03/2019 a 02/2020;Márcia Regina Baldissera Rodrigues;IRN;;8,75
764;Telhados verdes para o controle de odores de esgotos;Edital 005/2018;mar/19;fev/21;Vigente;sem financiamento externo;;;;;;03/2019 à 02/2021;HERLANE COSTA CALHEIROS;IRN;;6,88
765;ESTUDO DA SECAGEM DE RESÍDUO DE AÇAÍ E EXTRAÇÃO DE ÓLEO;Edital 005/2018;mar/19;fev/21;Vigente;sem financiamento externo;;;;;;;Hugo Perazzini;IRN;;8,88
766;Uso de Metamateriais para o Projeto de reforço do Concreto;Edital 005/2018;mar/19;fev/20;Vigente;sem financiamento externo;;;;;;03/2019 a 02/2020;Paulo Cesar Gonçalves;IRN;EDITAL 005/2018;7,63
767;"Higiene do Trabalho – Avaliação de Riscos Químicos presentes na Universidade Federal de Itajubá (UNIFEI)
";Edital 005/2018;mar/19;fev/20;Vigente;sem financiamento externo;;;;;;03/2019 à 02/2020;Eduarda Cristina de Matos Camargo;IRN;;8,25
768;ESTUDO PRÁTICO, APLICÁVEL NA INDÚSTRIA, DE SOLUÇÕES PARA O PROBLEMA DE QUEDA DE TENSÃO QUANDO DA UTILIZAÇÃO DE CONVERSOR DUAL NA OCORRÊNCIA DE FRENAGEM REGENERATIVA.;Edital 005/2018;fev/19;fev/21;Vigente;sem financiamento externo;;;;;;02/2019 a 02/2021;Angelo José Junqueira Rezek;ISEE;;9,5
769;Avaliação da Suportabilidade de Componentes de Redes Compactas Frente ao Envelhecimento;Edital 005/2018;fev/19;fev/20;Vigente;sem financiamento externo;;;;;;02/2019 à 02/2020;Gustavo Paiva Lopes;ISEE;;9,5
770;Transferência do conhecimento na relação universidade-indústria-governo: o papel da universidade na inovação e empreendedorismo  ;Edital 005/2018;jan/19;dez/20;Vigente;sem financiamento externo;;;;;;01/2019 à 12/2020;Sandra Miranda Neves;IEPG;;7
771;A educação ambiental e a psicologia histórico-cultural: uma aproximação necessária;Edital 005/2018;jan/19;dez/20;Vigente;sem financiamento externo;;;;;;01/2019 à 12/2020;Marcela de Moraes Agudo;IRN;;10
772;Melhorando o raciocínio matemático dos alunos da Educação Básica: ações de futuros professores.;Edital 005/2018;fev/19;jan/21;Vigente;sem financiamento externo;;;;;;02/2019 à 01/2021;Flávia Sueli Fabiani Marcatto;IMC;;8,63
773;"Estudo de materiais sólidos aplicáveis no concreto ou argamassa auto adensável

";Edital 005/2018;mar/19;fev/20;Vigente;sem financiamento externo;;;;;;03/2019 a 02/2020;Valquíria Claret dos Santos;IRN;EDITAL 005/2018;8,63
774;Geometria Algébrixa Clássica, Moderna e Aplicada ;Demanda Universal - FAPEMIG ;mar/18;fev/21;Vigente;FAPEMIG  ;; R$ 26.718,35 ;;;;03/2018 a 02/2021;Rick Antônio Rischter;IMC;;
775;Aspeculiaridades de cidades do sul de Minas Gerais para a construção da mobilidade urbana sustentavel ;Demanda Universal - FAPEMIG ;dez/18;dez/21;Vigente;FAPEMIG  ;; R$ 46.798,40 ;;;;12/2018 a 12/2021;Josiane Palma Lima;IEPG;;
776;Microbiologia da agregação de solo de pastagem sob diferentes niveis de degradação ;Demanda Universal - FAPEMIG ;jan/18;jan/20;Vigente;FAPEMIG  ;; R$ 15.225,00 ;;;;01/2018 a 01/2020;Rogerio Melloni ;IRN ;;
777;Desenvolvimento de um modelo simplificado de estimativa de radiação solar para aplicações em modelos de produtividade agricola ;Demanda Universal - FAPEMIG ;dez/18;dez/20;Vigente;FAPEMIG;; R$ 69.678,00 ;;;;12/2018 a 12/2020;Marcelo de Paula Corrêa;IRN ;;
778;Dinâmica dos processos atmosféricos relacionados à distribuição da camada de ozônio, radiação UV e aerossóis entre as regiões Antartica e Equatorial da América do Sul e conexões associadas ;Chamada Universal - CNPq;nov/18;nov/22;Vigente;CNPq;; R$ 1.391.866,80 ;;;;11/2018 a 11/2022;Marcelo de Paula Corrêa;IRN;Email enviado com comunicação do CNPq informando que não pagará o recurso;
779;Estudo de configurações centrais e soluções homográficas em mecânica celeste;Demanda Universal - FAPEMIG ;nov/18;nov/21;Vigente;FAPEMIG  ;; R$ 32.025,00 ;;;;11/2018 à 11/2021;Antonio Carlos Fernandes ;IMC ;;
780;Configurações centrais em mecânica celeste;Demanda Universal CNPq;fev/19;fev/22;Vigente;CNPq ;; R$ 25.000,00 ;;;;02/2019 à 02/2022;Antonio Carlos Fernandes ;IMC;;
781;Detecção e Identificação de danos estruturais o por meio de inteligência computacional ;Demanda Universal - FAPEMIG ;dez/18;dez/20;Vigente;FAPEMIG  ;; R$ 21.630,00 ;;;;12/2018 à 12/2020;Guilherme Ferreira Gomes;IEM;;
782;Validação, otimização e usabilidade de simulação a eventos discretos aplicados na industria ;Demanda Universal - FAPEMIG ;mar/18;mar/21;Vigente;FAPEMIG  ;; R$ 40.677,00 ;;;;03/2018 à 03/2021;José Arnaldo Barra Montevechi;IEPG;;
783;Modelagem termodinâmica e experimentos críticos no sistema Ta-Ge-B;Demanda Universal - FAPEMIG ;jan/19;jan/22;Vigente;FAPEMIG  ;; R$ 21.525,00 ;;;;01/2019 à 01/2022;Antonio Augusto Araújo Pinto da Silva;IEM;;
784;Polímeros Epoxidicos Para Aplicações Cardiológicas e Oncológicas;Demanda Universal - FAPEMIG ;jan/16;jan/21;Vigente;FAPEMIG  ;; R$ 72.302,82 ;;;;01/2019 à 01/2021;Filiberto Gonzalez Garcia ;IFQ;;
785;Caracterização das propriedades elétricas e físicas das tempestadesna região sudeste do Brasil ;Demanda Universal - FAPEMIG ;fev/19;fev/22;Vigente;FAPEMIG  ;; R$ 24.743,25 ;;;;02/2019 à 02/2022;Enrique Vieira Mattos;IRN;;
786;Um sistema integrado de aquisição e sinais de EEG de baixa tensão e baixa potência em CMOS ;Demanda Universal - FAPEMIG ;fev/19;jan/22;Vigente;FAPEMIG  ;; R$ 39.600,00 ;;;;02/2019 à 01/2022;Tales Cleber Pimenta;IESTI;;
787;Validação, otimização e usabilidade de simulação a eventos discretos aplicados na industria ;CNPq;fev/19;fev/22;Vigente;CNPq;; R$ 35.000,00 ;;;;02/2019 a 02/2022;José Arnaldo Barra Montevechi;IEPG;;
788;A análise de eficiência como ferramenta de auxílio a tomada de decisão ;FAPEMIG  ;mar/18;fev/21;Vigente;FAPEMIG  ;; R$ 54.000,00 ;;;;03/2018 a 02/2021;Rafael Coradi Leme ;IEPG;;
789;Validação, otimização e usabilidade de simulação a eventos discretos aplicados na industria ;CNPq;mar/18;fev/21;Vigente;CNPq;; R$ 39.600,00 ;;;;03/2018 a 02/2021;Rafael Coradi Leme ;IEPG;;
790;Evolução química do disco e bojo de galáxias espirais;Demanda Universal - FAPEMIG ;dez/18;dez/20;Vigente;FAPEMIG  ;; R$ 17.503,50 ;;;;12/2018  a 12/2020;Oscar Cavichia de Moraes;IFQ;;
791;Desenvolvimentoe aplicação de técnicas ultrassõnicas para inspeção de componentes mecânicos e caracterização de materiais;FAPEMIG  ;dez/18;nov/21;Vigente;FAPEMIG  ;; R$ 13.650,00 ;;;;12/2018 a 11/2021;Paulo Pereira Junior;IEM;;
792;Estudo Teórico-Experimental em Transferência de Calor em ênfase no Desenvolvimento de Técnicas de Problemas Inversos;Demanda Universal - FAPEMIG ;jan/19;jan/21;Vigente;FAPEMIG  ;; R$ 50.610,00 ;;;;01/2019 a 01/2021;Sando Metrevelle Marcondes de Lima e Silva;IEM;;
793;Caracterização de Materiais e Dispositivos Semicondutores - CNPq -306049/2007-4;CNPq;abr/18;mar/20;Vigente;CNPq;; R$ 39.600,00 ;;;;04/2018 a 03/2020;Rero Marques Rubinger;IFQ;;
794;Geração de Eletricidade em Sistema Híbrido usando energia Heliotérmica , Biomassa e Borra de Petróleo ( CNPq -Nº311651/2018-6);CNPq;mar/19;fev/22;Vigente;CNPq;; R$ 39.600,00 ;;;;03/2019 a 02/2022;Osvaldo José Venturini;IEM;;
795;Gerenciamento de riscos em sistemas de Gestão da qualidade NBR ISSO 13485:2016 de empresas do Setor de equipamentos eletrodomésticos;CNPq;mar/19;fev/21;Vigente;CNPq;; R$ 39.600,00 ;;;;03/2019 à 02/2021;Carlos Eduardo Sanches da Silva;IEPG;;
796;Otimização mecânica e acústica de um ventilador sem pás utilizando análises numérica e experimental;;jan/19;dez/22;Vigente;FAPEMIG;; R$ 23.100,00 ;;;;01/2019 a 12/2021;Jesus Antonio Garcia Sanchez ;IEM;;
797;Monitoramento de Processos;;mai/19;dez/20;Vigente;CNPq;; R$ 66.000,00 ;;;;05/2019 a 12/2020;Antonio Fernando Branco Costa;IEPG;;
798;"Impacto da Infestação de ""LimNoperna Fortunei"" na Micro Geração Hedrelétrica Brasileira";;mar/19;fev/23;Vigente;CNPq;; 25.800,00 ; 1 PQ 1B ;;;03/2019 a 02/2023;Carlos Barreira Martinez;IEM;;
799;Estudo eletrônico e estrutural de complexos de coordenação com propriedades fotocrômicas;;dez/18;dez/21;Vigente;CNPq;; 10.000,00 ; 39.600,00 ;;;12/2018 a 12/2021;Frederico Barros de Sousa;IFQ;;
800;Tratamento de resíduos sólidos indutriais: secagem de resíduos de açaí;;dez/18;dez/20;Vigente;FAPEMIG;; 5.670,00 ;;;;12/2018 a 12/2020;Hugo Perazzini;IRN;;
801;Estudo de nebulosas planetárias e aglomerados abertos com uso de otimização global;;mar/17;fev/20;Vigente;CNPq;; 39.600,00 ;1;;;03/2019 a 02/2020;Hektor Sthenos Alves Monteiro;IFQ;;
802;Efeito do teor de ferro e das taxas de resfriamento na microestrutura e nas propriedades mecanicas de ligas Al-Si-Cu-Mg;;mar/19;fev/21;Vigente;CNPq;; 39.600,00 ;1PQ;;;03/2019 a 02/2021;Mirian de Lourdes Noronha Motta Melo;IEM;;
803;Produção e avaliação da microestrutura e das propriedades mecanicas de metais duros ;;mai/19;abr/22;Vigente;CNPq;;;1PQ;;;05/2019 a 04/2022;Edmilson Otoni Correa;IEM;;
804;Um sistema de apoio a diagnóstico de TEA baseado em imagens de ressonância magnética e aprendizado de máquina;;dez/18;dez/22;Vigente;FAPEMIG;; 70,323,00 ;2;;;12/2018 a 12/2022;"Guilherme Sousa Bastos
";IESTI;;
805;Metodologia de Projeto do Lean Office para Instituição de Ensino Superior Federal;;mai/19;mai/22;Vigente;FAMPEMIG;; 24.000,00 ;;;;05/2019 a 04/2022;Carlos Eduardo Sanches da Silva;IEPG;;
806;Otimização das condições de usinagem em aços ligas especiais ;;mar/19;fev/23;Vigente;CNPq;; 110.400,00 ;;;;03/2019 a 02/2023;João Roberto Ferreira;IEM;;
807;Meninas Empreendedoras na Química ;;mar/19;jun/20;Vigente;CNPq ;; 11.600,00 ;;;;03/2019 a 06/2020;Geise Ribeiro ;IFQ;;
808;Articulações entre as áreas da educação ambiental e da educação em ciências:  significados produzidos por pesquisadores em teses e dissertações do campo da educação ambiental;;ago/19;jul/21;Vigente;sem financiamento externo;;;;;;08/2019 a 07/2021;Luciano Fernandes Silva;IFQ;;7,13
809;Uma busca por efeitos fenomenológicos de gravitação quântica em meios não lineares ;;set/19;jul/21;Vigente;sem financiamento externo;;;;;;08/2019 a 07/2021;Eduardo Henrique Silva Bittencourt ;IFQ;;8,88
810;Investigações em teorias de gravitação: abordagens perturbativas, exatas e computacionais com aplicação de Machine Learning;;ago/19;jul/21;Vigente;sem financiamento externo;;;;;;08/2019 a 07/2021;Alan Bendasoli Pavan ;IFQ;;8,63
811;Concepção e construção de concentradores ópticos para células solares;;ago/19;ago/20;Vigente;sem financiamento externo;;;;;;08/2019 a 08/2020;Adhimar Flávio Oliveira;IFQ;;8,38
812;Síntese, caracterização e avaliação da atividade antibacteriana de pirazóis carboxilados ;;ago/19;jul/20;Vigente;sem financiamento externo;;;;;;08/2019 a 07/2020;Maurício Silva dos Santos ;IFQ;;7,75
813;Avaliação de middlewares para padronização de dados de dispositivos de internet das coisas;;ago/19;jul/20;Vigente;sem financiamento externo;;;;;;08/2019 a 07/2020;Edvard Martins de Oliveira;IESTI;;7,63
814;Criação de plataforma de simulação e controle para sistemas aeronáuticos ;;jul/19;jun/21;Vigente;sem financiamento externo;;;;;;08/2019 a 06/2021;Yohan Alí Díaz Méndez ;IEM;;6,38
815;Desenvolvimento e avaliação de uma metodologia de envelhecimento de polímeros em redes compactadas;;ago/19;jul/20;Vigente;sem financiamento externo;;;;;;08/2019 a 07/2020;Estácio Tavares Wanderley Neto;IEM;;8,88
816;Aplicação de água de reúso na argamassa auto adensável;;ago/19;ago/20;Vigente;sem financiamento externo;;;;;;08/2019 a 08/2020;Marcia Viana Lisboa;IRN;Aprovado no edital 001/2019;9,50
817;Ampliação da área de enraizamento de hibiscus rosa-cinensis l. para estabilização de solos instáveis;;ago/19;jul/20;Vigente;sem financiamento externo;;;;;;08/2019 a 07/2020;Hisaias de Souza Almeida;IRN;Aprovado no edital 001/2019;9,63
818;Análise da eficiência energética na secagem de rejeitos de morango ;;ago/19;jul/20;Vigente (suspenso);sem financiamento externo;;;;;;08/2019 a 07/2020;Maisa Tonon Bitti Perazzini;IRN;Aprovado no edital 001/2019 - suspenso de 11/09/2019 A 08/03/2020- LICENÇA MATERNIDADE DA COORDENADORA;6,38
819;Máquinas e sistemas ancestrais em engenharia ;;jul/19;ago/21;Vigente;sem financiamento externo;;;;;;07/2019 a 08/2021;Adinele Gomes Guimarães ;IRN;Aprovado no edital 001/2019;9,00
820;Variabilidade da produtividade no canteiro de obras: possíveis métodos de inclusão e mensuração no planehamento;;jul/19;jul/20;Vigente;sem financiamento externo;;;;;;07/2019 a 07/2020;André Luiz Vivan;IRN;Aprovado no edital 001/2019;8,25
821;Estudo numérico de fluidização gás-sólido por programas de código aberto;;ago/19;jul/20;Vigente;sem financiamento externo;;;;;;08/2019 a 07/2020;Maximilian Joachim Hodapp;IRN;Aprovado no edital 001/2019;9,25
822;"Produção de microestruturas de equilíbrio e recobrimento com alta resistência à oxidação em ligas dos sistemas Mr-Si-B (Mr= Nb, Mo ou Ta), utilizando o processo HAPC ""Halide Activated Pack Cementation""";;ago/19;jul/20;Vigente;sem financiamento externo;;;;;;08/2019 a 07/2020;Geovani Rodrigues;IRN;Aprovado no edital 001/2019;7,25
823;Estudo da absorção acústica de barreiras de concreto contendo resíduso de borracha  e vermiculita;;fev/19;jan/21;Vigente; FAPESP  ;; 49.798,50 ;;;;02/2019 a 01/2021;Rosa Cristina Cecche Lintz;IRN;;10
824;Teoria dos jogos algorítmica: votação ponderada;;ago/19;jul/20;Vigente; sem financiamento externo ;;;;;;08/2019 a 07/2020;Pedro Henrique Del Bianco Hokama;IMC;Aprovado no edital 001/2019;8,63
825;Café na nuvem: computação em nuvem aplicada à pesquisa cefeeira em Minas Gerais;;ago/19;ago/21;Vigente; sem financiamento externo ;;;;;;08/2019 a 08/2021;Vanessa Cristina Oliveira de Souza;IMC;Aprovado no edital 001/2019;9,00
826;Aprendizado de máquina fuzzy: potenciais contribuições da teoria fuzzy na concepção de técnicas de aprendizado de máquina;;jul/19;jul/21; Vigente ; sem financiamento externo ;;;;;;07/2019 a 07/2021;Isabela Neves Drummond;IMC;Aprovado no edital 001/2019;7,88
827;Variedade Lorentzianas com Simetria Espacial Intrínseca ;;ago/19;jul/21;vigente; sem financiamento externo ;;;;;;08/2019 a 07/2021;Leandro Gustavo Gomes;IMC;Aprovado no edital 001/2019;8,50
828;ANÁLISE TERMO-AMBIENTAL DE USINAS TERMELÉTRICAS DE CICLO COMBINADO DE ALTA EFICIÊNCIA A PARTIR DO USO DE GÁS NATURAL LIQUEFEITO IMPORTADO VISANDO A SEGURANÇA ENERGÉTICA;;ago/19;jul/21;Vigente; sem financiamento externo ;;;;;;08/2019 a 07/2021;Rogério José da Silva;IEM;Aprovado no edital 001/2019;7,50
829;Produção de etanol de segunda geração a partir de bagaço de cana-de-açúcar utilizando a enzima xilose isomerase (XI) imobilizada em nanopartículas magnéticas;;ago/19;jul/21; Vigente ; sem financiamento externo ;;;;;;08/2019 a 07/2021;Thaís Suzane Milessi Esteves;IRN;Aprovado no edital 001/2019;9,75
830;Taxonomia e bionomia de imaturos de besouros elateroidea de remanescentes florestais de Campos do Jordão -SP;;ago/19;jul/21;Vigente; sem financiamento externo ;;;;;;08/2019 a 07/2021;Simone Policena Rosa ;IRN;Aprovado no edital 001/2019;8,00
831;Desenvolvimento de interfaces gráficas automatizadas para o auxílio no projeto de reatores e biorreatores ;;ago/19;ago/20;Vigente; sem financiamento externo ;;;;;;08/2019 a 08/2020;Guilherme Youssef Rodriguez;IRN;Aprovado no edital 001/2019;8,75
832;Desenvolvimento e análise experimental do controle por faixas em sistemas com falhas em atuadores;;ago/19;ago/20;Vigente; sem financiamento externo ;;;;;;08/20119 a 08/2020;Thiago Vaz da Costa;IRN;Aprovado no edital 001/2019;8,38
833;PET- Programa de educação tutorial conexões de saberes: formação de professores em ciências exatas;;mar/13;Sem data de expiração ;Vigente;CAPES- FNDE;; 9.600,00 ;;;;03/2015 a atualmente ;Agenor Pina da Silva;IFQ;;
834;Model-based global assessment of hydrological pressure: globalhydropressure (análise da pressão hidrológica com base em modelos globais);;mar/19;mar/21;Vigente;FAPEMIG;; 368.696,24 ;;;;03/2019 a 03/2021;Michelle Simões Reboita;IRN;Aprovado no edital 001/2019;
835;Determinação da Acurácia de Mapeamento Digital de Solos;;set/19;ago/20;Vigente;sem financiamento externo;;;;;;09/2019 a 09/2020;Nívea Adriana Dias Pons;IRN;Aprovado no edital 001/2019;7,63
836;Desenvolvimento de catalisadores para obtenção de biosiesel etílico proveniente de rejeitos da indústria de alimentos;;jul/19;jul/20;Vigente;FAPEMIG;; 37.275,00 ;;;;20/07/2019 a 20/07/2020;Karina Arruda almeida;IRN;;10
837;Difusão ansiotrópica e inpainting híbrido aplicado na restauração de sombras de imagens multiespectrais de satélite;;set/19;set/20;Vigente;sem financiamento externo;;;;;;09/2019 a 09/2020;Samara Calçado de Azevedo;IRN;Aprovado no edital 001/2019;9,00
838;Programa de Educação Tutorial - PET Engenharia Mecânica;;set/19;mai/24;Vigente;MEC/ FNDE;;;1;;12;09/2019 a 05/2024;Sebastião Simões da Cunha JR;IEM;;
839;Validação experimental de modelo otimizado de turbina axial de ultra baixa queda ;;mar/18;mar/20;Vigente;FAPEMIG;;;;;;03/2018 a 03/2020;Ramiro Gustavo Ramirez Camacho;IEM;;
