Número doprocesso - SIPAC/SIGAA,Ano do registro,Título da atividade,Nome do (a) Coordenador (a),Local de lotação do (a) Coordenador (a),Data de início da atividade,Data de termino da atividade,Relatório Final,Receita (Prevista),Receita (Realizada),
CR044-2023,2023,MÉTODO DE RIETVELD COM NIMLOTH: INTRODUCÃO E PRÁTICA DE REFINAMENTO,GUILHERME OLIVEIRA SIQUEIRA,IEI,17/07/2023,15/10/2023,SIM,,,
EV058-2023,2023,MESA REDONDA - NOCÕES DE EDUCACÃO FINANCEIRA,DAILA DOS PASSOS VITORINO,DEI,28/06/2023,09/08/2023,NÃO,,,
PJ179-2023,2023,RESPOSTA DOS CICLONES DO HEMISFÉRIO SUL: RESPOSTA DA CLIMATOLOGIA AO GERENCIAMENTO DA RADIACÃO SOLAR COM AEROSOL ESTRATOSFÉRICO,MICHELLE SIMOES REBOITA,IRN,01/08/2023,31/12/2023,NÃO,R$ 39.411,44,
EV059-2023,2023,INTERNATIONAL EXPERIENCE DAY,FLAVIA FERNANDA CARVALHO DA MOTTA,PROEX,01/07/2023,06/10/2023,SIM,,,
EV060-2023,2023,"AGOSTO LILÁS - MÊS DE PREVENCÃO À VIOLÊNCIA CONTRA A MULHER - PALESTRA ""RELACIONAMENTOS ABUSIVOS: COMO IDENTIFICAR E AGIR?""",ANDREIA TEIXEIRA,PRG,17/08/2023,18/08/2023,SIM,,,
EV061-2023,2023,CONVIVÊNCIA E ESPIRITUALIDADE: ATIVIDADES DA ABU NO CAMPUS ITABIRA,CLEIDE BEATRIZ GOMES DOS REIS,DCI,11/08/2023,31/12/2023,NÃO,,,
EV062-2023,2023,VIII SEMANA ACADÊMICA DA QUÍMICA - SEMQ,JULIANA FEDOCE LOPES,IFQ,16/08/2023,16/09/2023,SIM,,,
EV063-2023,2023,VIAGEM DA EQUIPE FALCON-6 ROCKET DESIGN PARA PARTICIPAR DA COMPETICÃO LATIN AMERICAN SPACE CHALLENGE (LASC) - 2023 EDITION EM TATUÍ-SP,CLAUDIO ERNANI MARTINS OLIVEIRA,IEI,22/08/2023,28/08/2023,SIM,,,
EV064-2023,2023,A IMPORTÂNCIA DAS NORMAS INTERNACIONAIS PARA O DESENVOLVIMENTO DA SOCIEDADE,LUIZ FELIPE PUGLIESE,ICT,18/08/2023,04/09/2023,SIM,,,
EV065-2023,2023,VISITA Á UNIFEI FILHOS DE FUNCIONÁRIOS DA CENIBRA,GLAUCIO MARCELINO MARQUES,ICPA,18/08/2023,18/08/2023,SIM,,,
CR045-2023,2023,CURSO BÁSICO E INTERMEDIÁRIO PARA PLANILHAS ELETRÔNICAS (EXCEL 1) - TURMA 2023.2,SANDRA MIRANDA NEVES,IEPG,03/08/2023,15/12/2023,SIM,,,
CR046-2023,2023,GESTÃO DE RESÍDUOS INDUSTRIAIS,ROGERIO JOSE DA SILVA,IEM,14/08/2023,16/09/2023,SIM,,,
CR047-2023,2023,MACROS E VBA PARA PLANILHAS ELETRÔNICAS (EXCEL 2) - TURMA 2023.2,SANDRA MIRANDA NEVES,IEPG,03/08/2023,15/12/2023,SIM,,,
CR048-2023,2023,RUBRICAS DE AVALIACÃO,MARIA ELIZABETE VILLELA SANTIAGO,ICPA,11/08/2023,31/08/2023,NÃO,,,
CR049-2023,2023,TREINAMENTO DE PRIMEIROS SOCORROS PARA MEMBROS DOS PROJETOS ACADÊMICOS DE COMPETICÃO TECNOLÓGICA,PATRICIA KELLI SILVA DE OLIVEIRA,DTE,11/08/2023,31/08/2023,SIM,,,
CR050-2023,2023,INTRODUCÃO À INTELIGÊNCIA ARTIFICIAL - TURMA 5,JOSE ARNALDO BARRA MONTEVECHI,IEPG,28/08/2023,08/12/2023,SIM,,,
PJ180-2023,2023,APERFEICOAMENTO DE ANÁLISE QUALITATIVA DAS EQUIPES DE ATENDIMENTO EMERGENCIAL,ROBERTO AKIRA YAMACHITA,ISEE,01/08/2023,30/11/2023,NÃO,,,
PJ181-2023,2023,APLICACÃO DE MÉTODOS COMPUTACIONAIS PARA PREVISÃO DE DURACÃO E FREQUÊNCIA DE INTERRUPCÃO DE ENERGIA EM ESTACÕES DISTRIBUIDORAS - FASE 7,EDVARD MARTINS DE OLIVEIRA,IESTI,01/09/2023,31/12/2023,NÃO,,,
PJ182-2023,2023,VOLTK - FORMULA SAE - EV,FRANCISCO MOURA FILHO,IEI,10/08/2023,31/12/2023,NÃO,,,
PJ183-2023,2023,POPTEC - POPULARIZACÃO DE CONCEITOS E TECNOLOGIAS DE ENERGIAS RENOVÁVEIS EM ESCOLAS DE ENSINO MÉDIO DE ITABIRA-MG. TEMA: PRODUCÃO E GERACÃO DE ENERGIA COM HIDROGÊNIO VERDE.,RAFAEL BALBINO CARDOSO,ICPA,14/08/2023,13/11/2023,SIM,,,
PJ184-2023,2023,HEALTH HACKATHON ITABIRA - DESAFIO GESTÃO DE INDICADORES PREVINE BRASIL ITABIRA-MG,LILIAN BARROS PEREIRA CAMPOS,,17/07/2023,31/12/2023,NÃO,,,
PJ185-2023,2023,CAPACITACÃO BALL BLACK BELT: TURMA 2023,JOSE HENRIQUE DE FREITAS GOMES,IEPG,21/08/2023,30/11/2023,NÃO,R$ 13.440,0,
EV066-2023,2023,GESTÃO DA MANUTENCÃO DE EQUIPAMENTOS DE SAÚDE,JOSE ALBERTO FERREIRA FILHO,IESTI,21/08/2023,21/08/2023,SIM,,,
EV067-2023,2023,BATE-PAPO SOBRE LIDERANCA E BENEFÍCIOS DE SER MEJ,ISABELA MAGANHA,IEI,21/08/2023,21/08/2023,NÃO,,,
CR051-2023,2023,INTRODUCÃO À ESCRITA CIENTÍFICA,CLAUDIA ELIANE DA MATTA,ISEE,01/09/2023,30/11/2023,SIM,,,
PJ186-2023,2023,XIS - XADREZ E INCLUSÃO SOCIAL - INTERMEDIÁRIO,PATRICIA RODRIGUES DE ARAUJO,IESTI,22/08/2023,15/12/2023,NÃO,,,
PJ187-2023,2023,PROJETO AERODINÂMICO DE VENTILADOR AXIAL DE BAIXA PRESSÃO,RAMIRO GUSTAVO RAMIREZ CAMACHO,IEM,01/09/2023,31/12/2023,NÃO,R$ 31.372,55,
EV068-2023,2023,RECEPCÃO DE ALUNOS DO ENSINO MÉDIO PARA CONHECIMENTO DA ÁREA DE RECUPERACÃO DE ÁREAS DEGRADADAS - ENGENHARIA AMBIENTAL,NIVEA ADRIANA DIAS PONS,IRN,17/08/2023,17/08/2023,SIM,,,
EV069-2023,2023,SEMANA DO AR,ANA CAROLINA VASQUES FREITAS,ICPA,11/08/2023,25/08/2023,SIM,,,
EV070-2023,2023,JUBILEU DE PRATA - PRIMEIRA TURMA DO CURSO DE EHD,ANA PAULA MONI SILVA,IRN,23/08/2023,09/09/2023,SIM,,,
PJ188-2023,2023,QUITRUPE EM: O DIA QUE CHAPEUZINHO VESTIU VERDE,JULIANA MARIA SAMPAIO FURLANI,IFQ,01/08/2023,31/12/2023,NÃO,R$ 8.400,0,
PJ189-2023,2023,PIPOCANDO: CINEMA, EDUCACÃO E PIPOCA,CLAUDIO ERNANI MARTINS OLIVEIRA,IEI,01/08/2023,31/12/2023,NÃO,R$ 8.074,0
PJ190-2023,2023,FOTOGRAFIA DO ACERVO DO MUSEU THEODOMIRO SANTIAGO,CLEBER GONCALVES JUNIOR,IEPG,01/08/2023,31/12/2023,NÃO,R$ 7.000,0,
PJ191-2023,2023,CENTRO CULTURAL UNIFEI ITABIRA: EXPANDINDO A SEMENTE DO LABMUS,GLAUBER ZERBINI COSTAL,IEI,01/08/2023,31/12/2023,NÃO,R$ 7.000,0,
PJ192-2023,2023,BLUE BUNNIES – CHEERLEADING TEAM UNIFEI,DIEGO MAURICIO YEPES MAYA,IEM,01/08/2023,31/12/2023,NÃO,,,
PJ193-2023,2023,IMPLEMENTACÃO DO MODELO DE GESTÃO COMUNITÁRIA DO SANEAMENTO RURAL APLICADO AO SISTEMA DE ESGOTAMENTO SANITÁRIO DO BAIRRO PESSEGUEIRO/ZONA RURAL/ ITAJUBÁ/MG.,MARCIA VIANA LISBOA MARTINS,IRN,01/08/2023,31/12/2023,NÃO,R$ 6.957,60,
PJ194-2023,2023,EDUCACÃO E TECNOLOGIA SOCIAL: SABERES POPULARES, FORMACÃO CIENTÍFICA E GERACÃO DE RENDA,CARLOS ALBERTO MAXIMO PIMENTA,IEPG,01/08/2023,29/12/2023,NÃO,,
PJ195-2023,2023,REVITALIZACÃO DO LABORATÓRIO DE CIÊNCIAS DA ESCOLA ESTADUAL MARQUÊS DE SAPUCAÍ - DELFIM MOREIRA/MG,EVANDRO FORTES ROZENTALSKI,IFQ,01/08/2023,31/12/2023,NÃO,R$ 8.206,55,
PJ196-2023,2023,FUNDACÃO ASIMO SOCIAL,LUIZ LENARTH GABRIEL VERMAAS,IESTI,01/08/2023,31/12/2023,NÃO,R$ 7.000,0,
PJ197-2023,2023,VIRTUALIZACÃO DO MUSEU THEODOMIRO SANTIAGO: EXPOSICÃO SOBRE INSTRUMENTOS DE LABORATÓRIO,JANE RAQUEL SILVA DE OLIVEIRA,IFQ,01/08/2023,31/12/2023,NÃO,R$ 8.000,0,
PJ198-2023,2023,OBR101 – FRONTIERS ACADEMY,OTAVIO DE SOUZA MARTINS GOMES,IESTI,01/08/2023,31/12/2023,NÃO,R$ 8.400,0,
PJ199-2023,2023,TREINO OBMEP TERCEIRO NÍVEL - INTENSIVÃO,RICK ANTONIO RISCHTER,IMC,01/08/2023,31/12/2023,NÃO,R$ 8.400,0,
PJ200-2023,2023,SEMEANDO CIENTISTAS 3,MILADY RENATA APOLINARIO DA SILVA,IFQ,01/08/2023,31/12/2023,NÃO,R$ 8.400,0,
PJ201-2023,2023,NÃO MEXE COM A MINHA COR: LETRAMENTO RACIAL E EDUCACÃO ANTIRRACISTA NAS ESCOLAS E UNIVERSIDADES,ANA CAROLINA SALES OLIVEIRA,IFQ,01/08/2023,31/12/2023,NÃO,R$ 8.400,0,
EV071-2023,2023,PARTICIPACÃO DA EQUIPE ECOVEÍCULO ELÉTRICO NA SHELL ECO-MARATHON BRASIL 2023,GABRIEL ANTONIO FANELLI DE SOUZA,IESTI,29/08/2023,01/09/2023,SIM,,,
EV072-2023,2023,JORNADA DE EDUCACÃO INCLUSIVA,PALOMA ALINNE ALVES RODRIGUES,IFQ,01/09/2023,31/12/2023,SIM,,,
CR053-2023,2023,INSTALACÕES ELÉTRICAS,CREDSON DE SALLES,ISEE,23/10/2023,27/10/2023,SIM,,,
CR054-2023,2023,MARATONA CIBEREDUCACÃO CISCO BRASIL - 7ª ONDA (2023),OTAVIO DE SOUZA MARTINS GOMES,IESTI,04/09/2023,20/10/2023,SIM,,,
CR055-2023,2023,OFICINA DE TRABALHO: EMPREENDEDORISMO E SUSTENTABILIDADE NAS ASSOCIACÕES DE APICULTURA E MELIPONICULTURA,LUIZ EUGENIO VENEZIANI PASIN,IEPG,29/08/2023,29/08/2023,SIM,,,
CR056-2023,2023,GRUPO DE ESTUDOS EM ECONOMIA AGRÁRIA,VIVIANE GUIMARAES PEREIRA,IEPG,04/09/2023,15/12/2023,SIM,,,
PJ202-2023,2023,ABU - ALIANCA BÍBLICA UNIVERSITÁRIA,HISAIAS DE SOUZA ALMEIDA,IRN,22/08/2023,31/12/2023,NÃO,,,
PJ203-2023,2023,CLASSIFICACÃO AMBIENTAL DE TRILHAS ECOLÓGICAS COMO TECNOLOGIA SOCIAL PARA O DESENVOLVIMENTO DO ECOTURISMO NO SUL DE MINAS GERAIS,PAULO CEZAR NUNES JUNIOR,IFQ,01/08/2023,31/12/2023,NÃO,R$ 8.385,20,
PJ204-2023,2023,DIA DE PLANTIO - EMPREENDER,CARLOS EDUARDO CORREA MOLINA,IEM,31/08/2023,30/09/2023,SIM,,,
PJ205-2023,2023,PROJECÕES CLIMÁTICAS EM ALTA RESOLUCÃO PARA O ESTADO DE SÃO PAULO,MICHELLE SIMOES REBOITA,IRN,26/08/2023,30/12/2023,SIM,R$ 46.198,66,
PJ206-2023,2023,ANÁLISE QUANTITATIVA DA ALOCACÃO DE INVESTIMENTO E CUSTEIO ANUAL POR CONJUNTOS EM RELACÃO À CONTINUIDADE DO SERVICO,EDUARDO CRESTANA GUARDIA,ISEE,01/09/2023,30/11/2023,NÃO,R$ 44.520,0,
PJ207-2023,2023,EDUCACÃO FINANCEIRA PARA A POPULACÃO - DIFUSÃO DE CONHECIMENTO EM RÁDIO FM E MÍDIAS SOCIAIS,ANDRE LUIZ MEDEIROS,IEPG,01/02/2023,31/12/2023,NÃO,,,
EV073-2023,2023,TEDxUNIFEI,ANDREA APARECIDA DA COSTA MINEIRO,IEPG,01/09/2023,18/11/2023,SIM,,,
EV074-2023,2023,X SERE - SEMANA DE RECURSOS ENERGÉTICOS,LUCILENE DE OLIVEIRA RODRIGUES CHAVES,IEM,11/09/2023,29/09/2023,SIM,,,
CR057-2023,2023,ESTÉTICA DO PROJETO,ANA PAULA SILVA FIGUEIREDO,IRN,14/09/2023,27/09/2023,SIM,,,
EV075-2023,2023,V CIRCUITO DE ADMINISTRACÃO - A INTELIGÊNCIA ARTIFICIAL (IA) NA ADMINISTRACÃO,ISABEL CRISTINA DA SILVA ARANTES,IEPG,18/09/2023,19/09/2023,NÃO,,,
EV076-2023,2023,VII ENCONTRO DE ALUNOS E EX-ALUNOS DE ENGENHARIA AMBIENTAL - EAEX,RAFAEL SILVA CAPAZ,IRN,18/09/2023,20/11/2023,SIM,R$ 6.300,0,
EV077-2023,2023,WORKSHOP FUNDAMENTOS DE SEGURANCA CIBERNÉTICA,OTAVIO DE SOUZA MARTINS GOMES,IESTI,04/09/2023,29/09/2023,SIM,,,
PJ208-2023,2023,DISCIPLINA A SER MINISTRADA EM CURSO DE ESPECIALIZACÃO DO CENTRO DE ENSINO SUPERIOR EM GESTÃO, TECNOLOGIA E EDUCACÃO (FAI) NO MÓDULO DE GESTÃO DE NEGÓCIOS (CONTINUACÃO),SANDRA MIRANDA NEVES,IEPG,11/09/2023,31/10/2023,SIM,R$ 1.610,0
PJ209-2023,2023,CURSO DE EXTENSÃO EM HIGIENE OCUPACIONAL DA ESCOLA ESTADUAL MESTRE ZECA AMANCIO (EEMZA),LEONARDO FERREIRA REIS,ICPA,11/09/2023,14/12/2023,SIM,,,
PJ210-2023,2023,DIA DE PLANTIO - DELFIM MOREIRA,CARLOS EDUARDO CORREA MOLINA,IEM,11/09/2023,30/09/2023,SIM,,,
EV078-2023,2023,SEMINÁRIO DE EDUCACÃO EMPREENDEDORA NO ENSINO MÉDIO,ELZO ALVES ARANHA,IEPG,14/09/2023,10/11/2023,SIM,,,
EV079-2023,2023,SAÚDE MENTAL EM CORES: O CUIDADO DENTRO DA COMUNIDADE LGBTQIA+ E O SETEMBRO AMARELO,JOAO RICARDO NEVES DA SILVA,IFQ,22/09/2023,22/09/2023,NÃO,,,
EV080-2023,2023,"APRESENTACÃO DO PROJETO ""COMPOSTEIRA COMUNITÁRIA"" NA SEMANA DA ÁRVORE DA PREFEITURA MUNICIPAL DE ITABIRA",GABRIELA DA FONSECA DE AMORIM,IEI,20/09/2023,21/09/2023,SIM,,,
EV081-2023,2023,ENCONTRO DESPORTIVO COMUNITÁRIO,RICARDO DE MELO DIAS,DSQ,23/09/2023,24/09/2023,SIM,,,
CR058-2023,2023,POLÍTICA ENERGÉTICA, GERACÃO E USO DE ENERGIA - Módulo I - T2,ROGERIO JOSE DA SILVA,IEM,02/10/2023,01/12/2023,SIM,,
PJ211-2023,2023,TOPOGRAFIA DA SEDE MUNICIPAL DO MUNICÍPIO DE DOM VICOSO,PAULO CESAR GONCALVES,IRN,11/09/2023,29/12/2023,NÃO,R$ 50.000,0,
PJ212-2023,2023,"FILMAGEM PARA DOCUMENTÁRIO ""HAIR HEALTH EXPOSURE"" DO PROGRAMA NATURE OF THINGS - CBC/RADIO-CANADA",MARCELO DE PAULA CORREA,IRN,01/09/2023,03/09/2023,SIM,,,
PJ213-2023,2023,INTERVINDO PARA INCLUIR: ALFABETIZACÃO DIGITAL NA EDUCACÃO DE JOVENS E ADULTOS,LEANDRO LOPES TRINDADE,IEPG,15/09/2023,24/11/2023,SIM,,,
PJ214-2023,2023,ESTUDO TARIFÁRIO PARA MUNICIPALIZACÃO DO TRANSPORTE PÚBLICO URBANO DE ELÓI MENDES,ROBERTO ALVES DE ALMEIDA ,IRN,13/09/2023,29/12/2023,NÃO,R$ 30.000,0,
CR059-2023,2023,CAPACITACÃO EM SEGURANCA DO TRABALHO: APRESENTACÃO DE FERRAMENTAS DE GESTÃO DE RISCOS E APLICACÃO PRÁTICA,ELAINE CRISTINA REIS SILVA,DCI,04/10/2023,04/10/2023,SIM,,,
CR060-2023,2023,TELAS E O ESPECTRO AUTISTA: PERSPECTIVAS E CONSEQUÊNCIAS,GUILHERME SOUSA BASTOS,IESTI,24/10/2023,24/10/2023,SIM,,,
CR061-2023,2023,FROM ZERO TO HERO: DESPERTANDO O SEU LADO EMPREENDEDOR,LILIAN BARROS PEREIRA CAMPOS,ICPA,01/10/2023,31/10/2023,SIM,,,
EV083-2023,2023,CAFÉ & PROSA CONSULTING,FABIO FAVARETTO,IEPG,26/09/2023,16/10/2023,SIM,,,
EV084-2023,2023,ENGENHARIA E ÉTICA: NAVEGANDO PELO CREA, CONFEA E MÚTUA,SAMARA CALCADO DE AZEVEDO,IRN,19/09/2023,27/09/2023,SIM,,
EV085-2023,2023,CIDADANIA E TRÂNSITO: ATITUDES QUE SALVAM VIDAS,DALVA MARIA DE CASTRO,IEI,21/09/2023,21/09/2023,SIM,,,
EV086-2023,2023,IV SEMINÁRIO REGIONAL SOBRE METODOLOGIAS ATIVAS NO ENSINO SUPERIOR (IV SERMAES) E III ENCONTRO INTERNACIONAL SOBRE METODOLOGIAS ATIVAS (III EIMA),LILIAN BARROS PEREIRA CAMPOS,ICPA,25/09/2023,31/12/2023,NÃO,,,
EV087-2023,2023,"""COMPOSTEIRA COMUNITÁRIA"" NAS ESCOLAS PÚBLICAS DE ITABIRA-MG: ACÕES DE SENSIBILIZACÃO E EDUCACÃO AMBIENTAL",GABRIELA DA FONSECA DE AMORIM,ICPA,29/09/2023,20/12/2023,NÃO,,,
EV088-2023,2023,VACALANGADA 2023 - JOGOS UNIVERSITÁRIOS DA CIDADE DE ITABIRA,DIOGO LEONARDO FERREIRA DA SILVA,,28/09/2023,06/10/2023,SIM,,,
EV089-2023,2023,PALESTRA: LINGUAGEM DE CAMACO - AQUILOMBAMENTO LINGUÍSTICO,GEUDERSON TRASPADINI MARCHIORI,IEI,27/09/2023,27/09/2023,SIM,,,
EV090-2023,2023,FESTIVAL ASTRONÔMICO 2023: OBSERVACÃO DOS ECLIPSES SOLAR E LUNAR COM A EQUIPE FALCON-6 ROCKET DESIGN,GABRIELA DA FONSECA DE AMORIM,,28/09/2023,31/10/2023,SIM,,,
EV091-2023,2023,I SIMPÓSIO CIENTÍFICO E TECNOLÓGICO DO PROGRAMA DE PÓS-GRADUACÃO DE ENGENHARIA MECÂNICA – I SITMEC 2023,ANDREAS NASCIMENTO,IEM,26/09/2023,31/10/2023,SIM,,,
EV092-2023,2023,PALESTRA: VAMOS FALAR SOBRE DINHEIRO?,ANDRE LUIZ MEDEIROS,IEPG,30/09/2023,30/09/2023,SIM,,,
EV093-2023,2023,VISITA MEDIADA AO MUSEU DAS MINAS E DO METAL (MM GERDAU) EM BELO HORIZONTE,RENY ANGELA RENZETTI,IEI,18/10/2023,18/10/2023,SIM,R$ 2.138,68,
EV094-2023,2023,VIII CAFÉ AMBIENTAL,GLAUCIO MARCELINO MARQUES,ICPA,17/10/2023,19/10/2023,SIM,,,
EV095-2023,2023,LINGUAGEM DE CAMACO – AQUILOMBAMENTO LINGUÍSTICO,GEUDERSON TRASPADINI MARCHIORI,IEI,16/10/2023,20/12/2023,NÃO,,,
PJ215-2023,2023,PROJETO ÁRVORE DOS SONHOS (2023),SANDRA MIRANDA NEVES,IEPG,21/09/2023,31/12/2023,SIM,,,
PJ216-2023,2023,UNIFEI TALKS,GISELLE DE PAULA QUEIROZ CUNHA,ICPA,21/09/2023,31/12/2023,NÃO,,,
PJ217-2023,2023,UNIFEI INSPIRA,GISELLE DE PAULA QUEIROZ CUNHA,ICPA,21/09/2023,31/12/2023,NÃO,,,
PJ219-2023,2023,CONTRATO DE SERVICO PARA PLANTIMAIS CONSULTORIA EM PLANTABILIDADE LTDA,KLEBER ROBERTO DA SILVA SANTOS,IESTI,25/09/2023,31/12/2023,NÃO,,,
PJ220-2023,2023,ECOREP CHALLENGE: COMPETICÃO SUSTENTÁVEL DE COLETA DE LIXO ENTRE REPÚBLICAS ESTUDANTIS,DANIELA ROCHA TEIXEIRA RIONDET COSTA,IRN,28/09/2023,15/12/2023,NÃO,,,
PJ221-2023,2023,DESENVOLVIMENTO DE UM SISTEMA PARA OBTENCÃO COMBINADA DE HIPOCLORITO DE SÓDIO E HIDROGÊNIO,CARLOS ROBERTO ROCHA,IRN,28/09/2023,15/12/2023,NÃO,R$ 31.500,0,
PJ222-2023,2023,PLANTIO & H2ROCKET TBSD,CARLOS EDUARDO CORREA MOLINA,IEM,02/10/2023,02/12/2023,NÃO,,,
PJ223-2023,2023,PROJETO PARA SISTEMA DE DRENAGEM ÁGUA PLUVIAL ESCOLA PADRE DONATO – ITAJUBÁ/MG,PAULO CESAR GONCALVES,IRN,09/10/2023,24/11/2023,SIM,,,
PJ224-2023,2023,SOCIEDADE E MEIO AMBIENTE: AGROQUÍMICOS,DANIELA ROCHA TEIXEIRA RIONDET COSTA,IRN,29/09/2023,15/12/2023,NÃO,,,
PJ225-2023,2023,UMA ABORDAGEM DE GESTÃO DE RESÍDUOS SÓLIDOS NO ENSINO FUNDAMENTAL,DANIELA ROCHA TEIXEIRA RIONDET COSTA,IRN,28/09/2023,15/12/2023,NÃO,,,
PJ226-2023,2023,VISITA TÉCNICA À FÁBRICA DE CIMENTO PORTLAND CSN LOCALIZADA NA CIDADE DE PEDRO LEOPOLDO (MG),CARLOS AUGUSTO DE SOUZA OLIVEIRA,IEI,02/10/2023,31/10/2023,SIM,R$ 2.041,8,
PJ227-2023,2023,REESTILIZACÃO DA PÁGINA BUGANVÍLIA,PHYLLIPE DE SOUZA LIMA FRANCISCO,,28/09/2023,27/10/2023,SIM,,,
PJ228-2023,2023,UNIFEI INOVA,GISELLE DE PAULA QUEIROZ CUNHA,ICPA,04/10/2023,31/12/2023,NÃO,,,
PJ229-2023,2023,PRESTACÃO DE SERVICO (PARTE 1) PARA UTILIZACÃO DA INFRAESTRUTURA DO LABORATÓRIO DE MOTORES VINCULADO AO CENTRO DE H2 VERDE (CH2V) - ESTUDO DA COMBUSTÃO DO HVO COM H2 VERDE EM MCI A IGNICÃO POR COMPRESSÃO,CHRISTIAN JEREMI CORONADO RODRIGUEZ,IEM,20/10/2023,20/12/2023,NÃO,R$ 33.904,28,
EV096-2023,2023,SABADO NERD,FLAVIA DA SILVA CORDEIRO,,04/10/2023,21/10/2023,SIM,,,
EV097-2023,2023,VISITA TÉCNICA AO CCO DA EMPRESA SERRA VERDE TRANSPORTES,DALVA MARIA DE CASTRO,,04/10/2023,21/10/2023,SIM,,,
EV098-2023,2023,ROAD SHOW SMAR,ROBSON LUIZ MORENO,IESTI,24/10/2023,25/10/2023,SIM,,,
EV099-2023,2023,WORKSHOP - -PETRÓLEO E GÁS NATURAL - PANORAMA ATUAL E PERSPECTIVAS FUTURAS,ROGERIO JOSE DA SILVA,IEM,17/10/2023,17/10/2023,SIM,,,
EV100-2023,2023,1ª FEIRA UNIFEI DO MICROEMPREENDEDOR INDIVIDUAL,TAISA CORREA,PROEX,10/10/2023,29/11/2023,SIM,,,
EV101-2023,2023,ENCONTRO DAS NOVAS ARTES (ENA) 2023,JOSE HAMILTON CHAVES GORGULHO JUNIOR,IEPG,22/10/2023,22/10/2023,SIM,,,
EV102-2023,2023,IV SIMPÓSIO INTERNACIONAL DE EDUCACÃO EM CIÊNCIAS,JANE RAQUEL SILVA DE OLIVEIRA,IFQ,10/10/2023,31/12/2023,SIM,R$ 1.640,0,
CR062-2023,2023,O USO DAS TICS NA PESQUISA ACADÊMICA: ESTRATÉGIAS E FERRAMENTAS PARA EFICIÊNCIA E INOVACÃO,JENIFFER DE NADAE,IEPG,01/11/2023,20/11/2023,SIM,,,
CR063-2023,2023,PSI ACADEMY,THIAGO CLE DE OLIVEIRA,ISEE,16/10/2023,18/12/2023,SIM,,,
PJ230-2023,2023,ATIVIDADE DE EXTENSÃO VINCULADA À DISCIPLINA DE GRADUACÃO IEPG04,FABIANO LEAL,IEPG,09/10/2023,28/11/2023,NÃO,,,
PJ231-2023,2023,PRÁTICA EXTENSIONISTA NO APRENDIZADO CONTEXTUALIZADO DE HISTOLOGIA,ANDREIA ARANTES BORGES,IRN,16/10/2023,24/11/2023,SIM,,,
EV102-2023,2023,IV SIMPÓSIO INTERNACIONAL DE EDUCACÃO EM CIÊNCIAS,JANE RAQUEL SILVA DE OLIVEIRA,IFQ,10/10/2023,31/12/2023,NÃO,R$ 1.640,0,
EV103-2023,2023,CIRCUITO CIENTÍFICO E TECNOLÓGICO,FLAVIA DA SILVA CORDEIRO,ICPA,17/10/2023,31/10/2023,SIM,,,
EV104-2023,2023,JOURNEY - JORNADAS EMPREENDEDORAS,ANDREA APARECIDA DA COSTA MINEIRO,IEPG,18/10/2023,24/10/2023,SIM,,,
EV105-2023,2023,VIRADINHA CULTURAL,FLAVIA DA SILVA CORDEIRO,ICPA,16/10/2023,31/10/2023,SIM,,,
EV106-2023,2023,ACÃO SOCIAL NO DIA DAS CRIANCAS,LUCILENE DE OLIVEIRA RODRIGUES CHAVES,,27/10/2023,10/11/2023,SIM,,,
EV107-2023,2023,SEMANA DO SERVIDOR,FLAVIA DA SILVA CORDEIRO,PROEX,16/10/2023,31/10/2023,SIM,,,
EV108-2023,2023,III SEMINÁRIO DE ASSUNTOS ESTUDANTIS DA UNIFEI,JOAO RICARDO NEVES DA SILVA,IFQ,13/11/2023,13/11/2023,NÃO,,,
EV109-2023,2023,WORKSHOP CITINOVA ITABIRA INTEGRA,GISELLE DE PAULA QUEIROZ CUNHA,ICPA,07/11/2023,07/11/2023,NÃO,,,
EV110-2023,2023,COLABORATÓRIO: ENCONTRO DE PESQUISADORES CRISTÃOS,HISAIAS DE SOUZA ALMEIDA,,07/11/2023,07/11/2023,NÃO,,,
CR064-2023,2023,MINICURSO LATEX,EGON LUIZ MULLER JUNIOR,IESTI,30/10/2023,17/11/2023,SIM,,,
CR065-2023,2023,MINICURSO PYTHON,EGON LUIZ MULLER JUNIOR,IESTI,30/10/2023,17/11/2023,SIM,,,
CR066-2023,2023,ELETRÔNICA DE POTÊNCIA APLICADA A SISTEMAS ELÉTRICOS,RONDINELI RODRIGUES PEREIRA,IESTI,16/10/2023,31/12/2023,SIM,R$ 7.578,0,
CR067-2023,2023,CURSO DE REACT NATIVE,EGON LUIZ MULLER JUNIOR,IESTI,30/10/2023,17/11/2023,SIM,,,
CR068-2023,2023,INTRODUCÃO AO PHP (TURMA 01),OTAVIO DE SOUZA MARTINS GOMES,IESTI,25/10/2023,29/12/2023,NÃO,,,
CR069-2023,2023,INTRODUCÃO AO PHP (TURMA 02),OTAVIO DE SOUZA MARTINS GOMES,IESTI,25/10/2023,29/12/2023,NÃO,,,
CR070-2023,2023,INTRODUCÃO AO PYTHON (TURMA 01),OTAVIO DE SOUZA MARTINS GOMES,IESTI,25/10/2023,29/12/2023,NÃO,,,
CR071-2023,2023,INTRODUCÃO AO PYTHON (TURMA 02),OTAVIO DE SOUZA MARTINS GOMES,IESTI,25/10/2023,29/12/2023,NÃO,,,
CR072-2023,2023,TREINAMENTO DE PRIMEIROS SOCORROS,DENISE RANSOLIN SORANSO,IEPG,06/11/2023,09/11/2023,SIM,,,
CR073-2023,2023,MONTAGEM E CONFIGURACÃO DE UMA ESTACÃO METEOROLÓGICA AUTOMÁTICA,FABRINA BOLZAN MARTINS,IRN,01/11/2023,01/11/2023,SIM,,,
PJ232-2023,2023,HANDS-ON: DESENVOLVIMENTO DE APLICATIVOS REAIS,EDMILSON MARMO MOREIRA,IESTI,13/10/2023,31/12/2023,SIM,,,
PJ233-2023,2023,DESAFIO PROJETO SEMESTRAL: MAHLE - REDUCÃO DE REFUGO NA MINIFÁBRICA DE PRODUTOS DE ACO (2023/2),DENISE RANSOLIN SORANSO,IEPG,06/10/2023,15/12/2023,SIM,,,
PJ234-2023,2023,ATOMIC PLANNER,PHYLLIPE DE SOUZA LIMA FRANCISCO,IMC,21/10/2023,31/12/2023,NÃO,,,
PJ235-2023,2023,H2ROCKET EMPREENDER 2023,CARLOS EDUARDO CORREA MOLINA,IEM,20/10/2023,30/11/2023,NÃO,,,
PJ236-2023,2023,PALESTRAS SOBRE O PLANO DE EDUCACÃO AMBIENTAL (PEA) DA ÁREA DE PROTECÃO AMBIENTAL SÃO FRANCISCO XAVIER (APASFX),DANIELA ROCHA TEIXEIRA RIONDET COSTA,,25/10/2023,10/12/2023,NÃO,,,
PJ237-2023,2023,H2ROCKET SUCESSO 2023,CARLOS EDUARDO CORREA MOLINA,IEM,20/10/2023,30/11/2023,NÃO,,,
PJ238-2023,2023,ASSESSORIA NA ELABORACÃO DO PLANO DE EDUCACÃO AMBIENTAL (PEA) DA ÁREA DE PROTECÃO AMBIENTAL SÃO FRANCISCO XAVIER (APASFX),DANIELA ROCHA TEIXEIRA RIONDET COSTA,,25/10/2023,31/12/2023,NÃO,R$ 3.960,0,
PJ239-2023,2023,DETERMINACÃO DO LIMITE INFERIOR DE INFLAMABILIDADE (LII) DE 03 NOVAS AMOSTRAS DE GASES COMBUSTÍVEL DA EMPRESA ULTRAGAZ,CHRISTIAN JEREMI CORONADO RODRIGUEZ,IEM,09/10/2023,31/12/2023,SIM,R$ 17.441,11,
PJ240-2023,2023,CONSENSO LATINOAMERICANO DE FOTOPROTECÃO,MARCELO DE PAULA CORREA,IRN,25/10/2023,31/12/2023,SIM,R$ 7.000,0,
PJ241-2023,2023,ENSAIO EM BFT FUNCIONANDO COMO TURBINA,OSWALDO HONORATO DE SOUZA JUNIOR,IRN,24/10/2023,31/12/2023,NÃO,R$ 10.000,0,
EV111-2023,2023,CIENCIA EM ORBITA NA ESCOLA  MUNICIPAL FILOMENA JARDIM,FABIO NAKAGOMI,ICPA,10/11/2023,10/11/2023,SIM,,,
EV112-2023,2023,IV SEPROD: EXPLORANDO INOVACOES E POTENCIALIZNDO PRODUTIVIDADE,VITOR GUILHERME CARNEIRO FIGUEIREDO,IEI,07/11/2023,09/11/2023,NÃO,R$ 2.000,0,
EV113-2023,2023,JORNADA DE SAUDE E SEGURANCA DO TRABALHO,CAROLINA REZENDE PINTO NARCISO,ICPA,27/11/2023,28/11/2023,SIM,,,
EV114-2023,2023,SEMANA DE INVESTIMENTO AO VOLUNTARIO,LUIZ EUGENIO VENEZIANI PASIN,IEPG,11/11/2023,11/11/2023,SIM,,,
EV115-2023,2023,PALESTRA : CONTRIBUICAO DA EDUCACAO FINANCEIRA PAR AO PROJETO DE VIDA,ANDRE LUIZ MEDEIROS,IEPG,23/11/2023,23/11/2023,SIM,,,
EV116-2023,2023,PALESTRA - OPERACAO DE SISTEMAS ELETRICOS,DIOGO LEONARDO FERREIRA DA SILVA,ICT,11/11/2023,16/11/2023,SIM,,,
EV118-2023,2023,PALESTRA: LIBERDADE FINANCEIRA EM 4 PASSOS,GILBERTO DUARTE CUZZUOL,ICPA,05/12/2023,05/12/2023,NÃO,,,
EV119-2023,2023,CELEBRANDO RAÍZES: FEIJOADA E CONCIENCIA NEGRA,THAMIRIS DANIEL DOS SANTOS,PRG,14/11/2023,20/11/2023,NÃO,,,
EV120-2023,2023,PALESTRA : ACUSTICA E SUAS APLICACOES EM ENGENHARIA,PAULO CESAR GONCALVES,IRN,29/11/2023,29/11/2023,SIM,,,
CR074-2023,2023,NIVELAMENTO DE FISICA - FUNDAMENTOS DE MECANICA,FABIO NAKAGOMI,ICPA,01/11/2023,18/12/2023,NÃO,,,
CR076-2023,2023,PALESTRA SOBRE GESTAO DE PROESSOS E DA QUALIDADE PARA NEWELL BRANDS BRASIL LTDA,CARLOS HENRIQUE PEREIRA MELLO,IEPG,08/11/2023,17/11/2023,SIM,,,
CR077--2023,2023,WORKSHOP SOBRE SOLIDWORKS COM A EQUIPE FALCON-6 ROCKET DESIGN,GABRIELA DA FONSECA DE AMORIM,IEI,14/11/2023,22/11/2023,SIM,,,
CR078-2023,2023,CAPACITACAO EM TECNOLOGIAS DE FABRICACAO - INTRODUTORIO E COM ENFASE EM MECANICA E SEGURANCA,PATRICIA KELLI SILVA DE OLIVEIRA,DTE,13/11/2023,15/12/2023,SIM,,,
CR079-2023,2023,INTRODUCAO A SOLDAGEM COM ELETRODOS REVESTIDOS,PATRICIA KELLI SILVA DE OLIVEIRA,DTE,13/11/2023,16/12/2023,SIM,,,
CR080-2023,2023,EMPREENDEDORISMO E INOVACAO NO ACRE - I WORKSHOP DO NUCLEO DE INOVACAO TECNOLOGIVA - NIT DA FUNTAC - TURMA - CRUZEIRO DO SUL,ELZO ALVES ARANHA,IEPG,16/11/2023,30/11/2023,SIM,,,
CR081-2023,2023,EMPREENDEDORISMO E INOVACAO NO ACRE - I WORKSHOP DO NUCLEO DE INOVACAO TECNOLOGIVA - NIT DA FUNTAC - TURMA - RIO BRANCO,ELZO ALVES ARANHA,IEPG,16/11/2023,30/11/2023,SIM,,,
CR082-2023,2023,WORKSHOP: SISTEMAS DE DETECCAO E ALERME DE INCENDIO PARA PROJETOS,LUCIANA DE MELO GOMIDES,ICPA,01/12/2023,01/12/2023,SIM,,,
PJ242-2023,2023,ROBOTICA NO PREMEM,JULIANO DE ALMEIDA MONTE MOR,ICT,25/10/2023,31/12/2023,NÃO,,,
PJ243-2023,2023,PROJETOS PRATICO DE EPR,TABATA NAKAGOMI FERNANDES PEREIRA,IEI,26/10/2023,28/11/2023,SIM,,,
PJ244-2023,2023,DESAFIO PROJETO SEMESTRAL: JOHNSON & JOHNSON - COLETA DE INFORMACÕES REGULATORIAS EXTRAÍDAS DA ANVISA,JOSE LEONARDO NORONHA,IEPG,11/11/2023,15/12/2023,SIM,,,
PJ245-2023,2023,EXPLORANDO A HISTORIA E CULTURA - ANIVERSARIO DE 15 ANOS DO CAMPUS UNIFEI ITABIRA,CLEIDE BEATRIZ GOMES DOS REIS,DCS,10/11/2023,31/12/2023,NÃO,,,
PJ246-2023,2023,ATUALIZACÃO DO PROJETO ARQUITETONICO DA IGREJA NOSSA SENHORA APARECIDA,ANA PAULA MONI SILVA,IRN,31/10/2023,31/12/2023,NÃO,,,
PJ247-2023,2023,UNIFEI JR - DESENVOLVIMENTO DE PRECIFICACAO PARA CLINICA MEDICA,FABIO FAVARETTO,IEPG,20/11/2023,15/12/2023,SIM,,,
PJ248-2023,2023,UNIFEI JR - CONTROLE DE CUSTOS DE PRODUCAO PARA EMPRESA DE PRODUCAO DE COGUMELOS,FABIO FAVARETTO,IEPG,21/11/2023,15/12/2023,SIM,,,
PJ249-2023,2023,UNIFEI JR - ANALISE DE CUSTOS DE UMA PADARIA,FABIO FAVARETTO,IEPG,20/11/2023,15/12/2023,SIM,,,
PJ250-2023,2023,PROJETO DE EXTENSÃO DE MUNICIPALIZACÃO DO TRANSPORTE PÚBLICO DO MUNÍCIPIO DE ELÓI MENDES À SER EXECUTADO CONFORME A RESOLUCÃO CEPEAD N°166/2020,ROBERTO ALVES DE ALMEIDA,IRN,01/11/2023,31/12/2023,NÃO,R$ 18.068,15,
PJ251-2023,2023,UNIFEI JR - PESQUISA DE OPINIAO,FABIO FAVARETTO,IEPG,28/11/2023,15/12/2023,SIM,,,
PJ252-2023,2023,UNIFEI JR - PESQUISA DE MARKETIG PARA EMPRESA DE TRANSPORTE POR APLICATIVO,FABIO FAVARETTO,IEPG,28/11/2023,15/12/2023,SIM,,,
PJ253-2023,2023,UNIFEI JR - GESTAO DE CUSTOS DE RESTAURANTE,FABIO FAVARETTO,IEPG,28/11/2023,15/12/2023,SIM,,,
PJ254-2023,2023,UNIFEI JR - DISGNOSTICO DE EMPRESAS DE PRODUCAO MECANICA,FABIO FAVARETTO,IEPG,28/11/2023,15/12/2023,SIM,,,
PG003-2023,2023,LIGA DE MERCADO FINANCEIRO - UNIFEI FINANCE,EDSON DE OLIVEIRA PAMPLONA,IEPG,06/06/2023,31/12/2023,NÃO,,,
PG002-2023,2023,PROJETOS FISICOS-ESPORTIVOS 2023,RAFAEL DE PAIVA PEREIRA THIERS VIEIRA,DSQ,01/06/2023,31/12/2023,NÃO,R$ 128.000,0,
PG001-2023,2023,PROJETOS ESPORTIVOS COMPETITIVOS 2023,RAFAEL DE PAIVA PEREIRA THIERS VIEIRA,DSQ,01/07/2023,31/12/2023,NÃO,R$ 219.150,0,
CR083-2023,2023,MINICURSO SOBRE TECNOLOGIA SLA DE IMPRESSAO 3D,HUGO JOSE RIBEIRO JUNIOR,,07/12/2023,07/12/2023,SIM,,,
EV121-2023,2023,WORKSHOP PROEX #COMPARTILHA 2023 E #PLANEJA 2024,GISELLE DE PAULA QUEIROZ CUNHA,ICPA,30/11/2023,31/12/2023,NÃO,,,
PJ255-2023,2023,PROJETO DE EXTENSÃO DE TOPOGRAFIA DA SEDE MUNICIPAL DO MUNICIPIO DE DOM VICOSO À SER EXECUTADO CONFORME A RESOLUCÃO CEPEAS Nº 166/2020,PAULO CESAR GONCALVES,IRN,29/11/2023,31/12/2023,NÃO,R$ 2.796,61,
PJ256-2023,2023,PROJETO - SITE DUO SABER,PHYLLIPE DE SOUZA LIMA FRANCISCO,IMC,30/11/2023,31/12/2023,NÃO,,,
PJ259-2023,2023,INNOVA DAY LÓREAL,MARCELO DE PAULA CORREA,IRN,07/12/2023,07/12/2023,SIM,R$ 5.500,0,
EV123-2023,2023,VI TRAVESSIA NAS SERRAS DA MANTIQUEIRA: CELEBRANDO PARCERIAS E PENSANDO FUTUROS ENCONTRO PEROBA/TRAVESSIA,VIVIANE GUIMARAES PEREIRA,IEPG,16/12/2023,16/12/2023,SIM,,,
EV122-2023,2023,2ª MOSTRA DE DANCA CORPO A CORPO (UMA DISTROPIA),JOSE HAMILTON CHAVES GORGULHO JUNIOR,IEPG,04/12/2023,10/12/2023,SIM,,,
EV124-2023,2023,AULAO NO YOUTUBE SOBRE MINIFOGUETES COM A EQUIPE FALCON-6 ROCKET DESIGN,GABRIELA DA FONSECA DE AMORIM,IEI,19/12/2023,22/12/2023,NÃO,,,
PJ260-2023,2023,UNIFEI JR PESQUISA MERCADOLOGICA PARA EMPRESA DE NUTRICAO,FABIO FAVARETTO,,11/12/2023,22/12/2023,SIM,,,
PJ261-2023,2023,UNIFEI JR PESQUISA DE MERCADO PARA PET SHOP,FABIO FAVARETTO,,11/12/2023,22/12/2023,SIM,,,
PJ262-2023,2023,DIGNOSTICO EM PROL DOS OBJETICOS DE DESENVOLVIMENTO SUSTENTAVEL,LILIAN BARROS PEREIRA CAMPOS,ICPA,14/12/2023,31/12/2023,NÃO,,,
PJ263-2023,2023,DESFIO PROJETO SEMESTRAL MAHLE : REDUCAO DE REFUGO NA MINIFABRICA DE BRONZINAS,JOSE HENRIQUE DE FREITAS GOMES,,18/12/2023,29/12/2023,NÃO,,,
